agent,avg_reward,avg_turns,config,conversion,llm_failures,objection_resolution,pressure_violations,qualified_lead,satisfaction,seed,unsuitable_recommendation,unsupported
ppo,3.199,11.65,full_ppo,0.02,0.0,0.7926829268292683,0.0,0.38,0.6422000000000001,42,0.0,0.0
ppo,4.932,11.8,full_ppo,0.08,0.0,0.6835443037974683,0.0,0.52,0.6827,43,0.0,0.0
ppo,5.047,11.87,full_ppo,0.06,0.0,0.7341772151898734,0.0,0.64,0.7394,44,0.0,0.0
ppo,3.114,11.77,no_emotion,0.0,0.0,0.9024390243902439,0.0,0.38,0.6436000000000002,42,0.0,0.0
ppo,4.512,12.1,no_emotion,0.0,0.0,0.8734177215189873,0.0,0.54,0.716,43,0.0,0.0
ppo,4.736999999999999,12.08,no_emotion,0.0,0.0,0.9113924050632911,0.0,0.67,0.7476999999999999,44,0.0,0.0
ppo,3.23,11.73,no_objection,0.01,0.0,0.5853658536585366,0.0,0.38,0.6421000000000001,42,0.0,0.0
ppo,4.621999999999999,11.95,no_objection,0.02,0.0,0.5822784810126582,0.0,0.5,0.682,43,0.0,0.0
ppo,4.712999999999999,11.96,no_objection,0.04,0.0,0.4810126582278481,0.0,0.6,0.7317000000000001,44,0.0,0.0
ppo,3.11,11.65,no_yes_yes,0.02,0.0,0.8414634146341463,0.0,0.37,0.6403,42,0.0,0.0
ppo,4.718,12.06,no_yes_yes,0.0,0.0,0.6962025316455697,0.0,0.55,0.6982,43,0.0,0.0
ppo,5.101999999999999,11.91,no_yes_yes,0.05,0.0,0.6835443037974683,0.0,0.66,0.7446,44,0.0,0.0
ppo,3.3429999999999995,11.63,reduced_actions,0.02,0.0,0.7317073170731707,0.0,0.4,0.6366000000000002,42,0.0,0.0
ppo,5.042,11.75,reduced_actions,0.09,0.0,0.7215189873417721,0.0,0.52,0.6778000000000002,43,0.0,0.0
ppo,4.8549999999999995,12.01,reduced_actions,0.02,0.0,0.6962025316455697,0.0,0.61,0.7335,44,0.0,0.0
ppo,3.359,11.52,conversion_only_reward,0.08,0.0,0.8902439024390244,0.0,0.42,0.6398000000000001,42,0.0,0.0
ppo,4.809,11.61,conversion_only_reward,0.1,0.0,0.8227848101265823,0.0,0.5,0.6775999999999999,43,0.0,0.0
ppo,4.938999999999999,11.7,conversion_only_reward,0.09,0.0,0.7468354430379747,0.0,0.62,0.7224,44,0.0,0.0
ppo,0.8109999999999996,11.85,no_supervised_init,0.0,0.0,0.975609756097561,0.0,0.51,0.7091000000000001,42,0.0,0.0
ppo,6.169,10.77,no_supervised_init,0.27,0.0,0.8987341772151899,0.0,0.67,0.7162,43,0.0,0.0
ppo,4.882,12.11,no_supervised_init,0.0,0.0,0.9746835443037974,0.0,0.67,0.7654000000000002,44,0.0,0.0
