agent,avg_reward,avg_turns,conversion,llm_failures,objection_resolution,pressure_violations,qualified_lead,satisfaction,seed,unsuitable_recommendation,unsupported
random,2.5225,7.675,0.005,0.0,0.6,0.0,0.375,0.6206000000000002,42,0.0,0.0
rule,3.284,11.375,0.115,0.0,0.6625,0.0,0.415,0.6264000000000002,42,0.0,0.0
supervised,2.9675,10.195,0.0,0.0,0.50625,0.0,0.315,0.61575,42,0.0,0.0
ppo,3.3304999999999993,11.835,0.02,0.0,0.825,0.0,0.41,0.6459,42,0.0,0.0
random,2.4805,7.535,0.005,0.0,0.6178343949044586,0.0,0.315,0.6022000000000002,43,0.0,0.0
rule,4.2604999999999995,11.435,0.145,0.0,0.7452229299363057,0.0,0.48,0.6438500000000001,43,0.0,0.0
supervised,4.0745,11.045,0.0,0.0,0.5286624203821656,0.0,0.465,0.6455500000000001,43,0.0,0.0
ppo,4.522,11.8,0.075,0.0,0.7197452229299363,0.0,0.485,0.6568,43,0.0,0.0
random,2.8635,7.595,0.0,0.0,0.6149068322981367,0.0,0.41,0.6385000000000001,44,0.0,0.0
rule,4.036,11.465,0.11,0.0,0.6832298136645962,0.0,0.52,0.6694500000000002,44,0.0,0.0
supervised,3.8360000000000003,10.835,0.0,0.0,0.5031055900621118,0.0,0.47,0.6755000000000001,44,0.0,0.0
ppo,4.506,11.775,0.06,0.0,0.8012422360248447,0.0,0.555,0.705,44,0.0,0.0
