agent,episode,seed,reward,turns,conversion,satisfaction,interest_turns,commitment_attempts,masked_action_repairs,violations,asr_retries,missed_stop_turns
voice_ppo,0,42,0.4999999999999999,14,0,0.52,0,0,0,0,0,0
voice_ppo,1,42,1.1999999999999997,13,0,0.45,0,0,0,0,0,0
voice_ppo,2,42,5.3999999999999995,12,0,0.52,0,0,0,0,0,0
voice_ppo,3,42,-0.7000000000000001,11,0,0.47000000000000003,0,0,0,0,0,0
voice_ppo,4,42,-0.10000000000000009,13,0,0.49000000000000005,0,0,0,0,0,0
voice_ppo,5,42,1.6,10,0,0.47000000000000003,0,0,0,0,0,0
voice_ppo,6,42,2.1999999999999997,11,0,0.5700000000000001,0,0,0,0,0,0
voice_ppo,7,42,6.699999999999999,10,0,0.78,0,0,0,0,0,0
voice_ppo,8,42,-1.7000000000000006,14,0,0.22999999999999998,0,0,0,0,0,0
voice_ppo,9,42,0.20000000000000018,13,0,0.55,0,0,0,0,0,0
voice_ppo,10,42,6.3999999999999995,10,0,0.55,0,0,0,0,0,0
voice_ppo,11,42,-0.30000000000000016,10,0,0.35,0,0,0,0,0,0
voice_ppo,12,42,2.599999999999999,14,0,0.6200000000000001,0,0,0,0,0,0
voice_ppo,13,42,11.599999999999998,12,0,0.5800000000000001,0,0,0,0,0,0
voice_ppo,14,42,2.8,13,0,0.6900000000000002,0,0,0,0,0,0
voice_ppo,15,42,-0.20000000000000007,12,0,0.7400000000000002,0,0,0,0,0,0
voice_ppo,16,42,2.0999999999999996,14,0,0.51,0,0,0,0,0,0
voice_ppo,17,42,2.9,10,0,0.6300000000000001,0,0,0,0,0,0
voice_ppo,18,42,8.0,12,0,0.53,0,0,0,0,0,0
voice_ppo,19,42,8.599999999999998,14,0,0.55,0,0,0,0,0,0
voice_ppo,20,42,6.399999999999999,10,0,1.0,0,0,0,0,0,0
voice_ppo,21,42,-2.1,12,0,0.53,0,0,0,0,0,0
voice_ppo,22,42,6.1,12,0,0.5900000000000001,0,0,0,0,0,0
voice_ppo,23,42,-2.5000000000000004,14,0,0.6500000000000001,0,0,0,0,0,0
voice_ppo,24,42,2.0,9,0,0.15999999999999998,0,0,0,0,0,0
voice_ppo,25,42,2.7000000000000006,11,0,0.42,0,0,0,0,0,0
voice_ppo,26,42,5.999999999999999,13,0,1.0,0,0,0,0,0,0
voice_ppo,27,42,12.5,8,1,0.8000000000000003,1,1,0,0,0,0
voice_ppo,28,42,9.9,10,0,0.8000000000000003,0,0,0,0,0,0
voice_ppo,29,42,13.399999999999999,12,1,0.9700000000000004,1,1,0,0,0,1
voice_ppo,30,42,7.599999999999998,13,0,1.0,0,0,0,0,0,0
voice_ppo,31,42,0.8999999999999999,12,0,0.5,0,0,0,0,0,0
voice_ppo,32,42,1.2,11,0,0.6400000000000001,0,0,0,0,0,0
voice_ppo,33,42,7.899999999999999,12,0,0.8200000000000003,0,0,0,0,0,0
voice_ppo,34,42,-1.4999999999999996,6,0,0.2,0,0,0,0,0,0
voice_ppo,35,42,1.1999999999999997,12,0,0.6600000000000001,0,0,0,0,0,0
voice_ppo,36,42,3.599999999999999,13,0,0.44,0,0,0,0,0,0
voice_ppo,37,42,8.4,13,0,0.7300000000000002,0,0,0,0,0,0
voice_ppo,38,42,5.3999999999999995,10,0,0.6200000000000001,0,0,0,0,0,0
voice_ppo,39,42,6.3999999999999995,10,0,0.51,0,0,0,0,0,0
voice_ppo,40,42,10.7,11,0,0.8000000000000003,0,0,0,0,0,0
voice_ppo,41,42,10.400000000000002,11,0,1.0,0,0,0,0,0,0
voice_ppo,42,42,1.7999999999999998,13,0,0.56,0,0,0,0,0,0
voice_ppo,43,42,5.499999999999999,14,0,1.0,0,0,0,0,0,0
voice_ppo,44,42,10.500000000000002,12,0,0.8100000000000003,0,0,0,0,0,0
voice_ppo,45,42,3.3000000000000003,13,0,0.31,0,0,0,0,0,0
voice_ppo,46,42,9.399999999999999,13,0,0.5900000000000001,0,0,0,0,0,0
voice_ppo,47,42,3.499999999999999,12,0,0.48000000000000004,0,0,0,0,0,0
voice_ppo,48,42,6.1,13,0,0.45,0,0,0,0,0,0
voice_ppo,49,42,-1.2999999999999998,10,0,0.18,0,0,0,0,0,0
voice_ppo,50,42,1.1,9,0,0.19,0,0,0,0,0,0
voice_ppo,51,42,0.1999999999999998,13,0,0.5800000000000001,0,0,0,0,0,0
voice_ppo,52,42,-0.8000000000000002,12,0,0.6599999999999999,0,0,0,0,0,0
voice_ppo,53,42,6.3999999999999995,12,0,0.3,0,0,0,0,0,0
voice_ppo,54,42,7.1,14,0,0.6500000000000001,0,0,0,0,0,0
voice_ppo,55,42,-1.1102230246251565e-16,11,0,0.26999999999999996,0,0,0,0,0,0
voice_ppo,56,42,11.299999999999999,11,0,0.8300000000000003,0,0,0,0,0,0
voice_ppo,57,42,-1.9,8,0,0.2,0,0,0,0,0,0
voice_ppo,58,42,-1.1102230246251565e-16,11,0,0.4,0,0,0,0,0,0
voice_ppo,59,42,5.2,13,0,0.54,0,0,0,0,0,0
voice_ppo,60,42,13.099999999999998,9,1,0.8900000000000003,1,1,0,0,0,0
voice_ppo,61,42,9.0,11,0,0.56,0,0,0,0,0,0
voice_ppo,62,42,4.699999999999999,10,0,0.5900000000000001,0,0,0,0,0,0
voice_ppo,63,42,1.6,10,0,0.6300000000000001,0,0,0,0,0,0
voice_ppo,64,42,0.6,12,0,0.45,0,0,0,0,0,0
voice_ppo,65,42,3.2,12,0,0.46,0,0,0,0,0,0
voice_ppo,66,42,-0.9999999999999999,10,0,0.49000000000000005,0,0,0,0,0,0
voice_ppo,67,42,2.5000000000000004,14,0,1.0,0,0,0,0,0,0
voice_ppo,68,42,6.199999999999999,11,0,0.6600000000000001,0,0,0,0,0,0
voice_ppo,69,42,4.399999999999999,14,0,0.6000000000000001,0,0,0,0,0,0
voice_ppo,70,42,7.899999999999999,11,0,1.0,0,0,0,0,0,0
voice_ppo,71,42,5.599999999999999,11,0,0.56,0,0,0,0,0,0
voice_ppo,72,42,0.7999999999999999,10,0,0.78,0,0,0,0,0,0
voice_ppo,73,42,-5.7,14,0,0.22999999999999998,0,0,0,0,0,0
voice_ppo,74,42,0.6,10,0,0.20999999999999996,0,0,0,0,0,0
voice_ppo,75,42,5.199999999999999,11,0,0.45,0,0,0,0,0,0
voice_ppo,76,42,-2.3,10,0,0.39,0,0,0,0,0,0
voice_ppo,77,42,7.599999999999998,12,0,0.8000000000000003,0,0,0,0,0,0
voice_ppo,78,42,5.099999999999999,13,0,0.8400000000000003,0,0,0,0,0,0
voice_ppo,79,42,-0.9,8,0,0.19,0,0,0,0,0,0
voice_ppo,80,42,5.5,10,0,0.7600000000000002,0,0,0,0,0,0
voice_ppo,81,42,7.599999999999998,14,0,0.5800000000000001,0,0,0,0,0,0
voice_ppo,82,42,11.599999999999998,13,0,0.8700000000000003,0,0,0,0,0,0
voice_ppo,83,42,-0.7000000000000001,11,0,0.48000000000000004,0,0,0,0,0,0
voice_ppo,84,42,12.7,7,1,0.8400000000000003,1,1,0,0,0,0
voice_ppo,85,42,9.599999999999998,12,0,0.6900000000000002,0,0,0,0,0,0
voice_ppo,86,42,6.3999999999999995,10,0,0.54,0,0,0,0,0,0
voice_ppo,87,42,7.199999999999999,11,0,0.7600000000000002,0,0,0,0,0,0
voice_ppo,88,42,-1.0,11,0,0.26,0,0,0,0,0,0
voice_ppo,89,42,0.8999999999999999,11,0,0.51,0,0,0,0,0,0
voice_ppo,90,42,6.699999999999998,10,0,0.9200000000000004,0,0,0,0,0,0
voice_ppo,91,42,3.8,12,0,0.6300000000000001,0,0,0,0,0,0
voice_ppo,92,42,14.899999999999999,9,1,0.7800000000000002,1,1,0,0,0,1
voice_ppo,93,42,6.099999999999999,10,0,0.52,0,0,0,0,0,0
voice_ppo,94,42,6.399999999999999,12,0,0.7700000000000002,0,0,0,0,0,0
voice_ppo,95,42,12.499999999999998,14,0,0.7800000000000002,0,0,0,0,0,0
voice_ppo,96,42,-1.5,6,0,0.18,0,0,0,0,0,0
voice_ppo,97,42,7.499999999999999,12,0,0.71,0,0,0,0,0,0
voice_ppo,98,42,8.399999999999999,10,0,0.9400000000000002,1,1,0,0,0,0
voice_ppo,99,42,7.799999999999999,11,0,0.8400000000000003,0,0,0,0,0,0
rule,0,42,0.4,14,0,0.52,0,0,0,0,0,0
rule,1,42,1.1,13,0,0.45,0,0,0,0,0,0
rule,2,42,3.6,12,0,0.52,0,0,0,0,0,0
rule,3,42,-0.8000000000000002,11,0,0.47000000000000003,0,0,0,0,0,0
rule,4,42,-0.20000000000000018,13,0,0.49000000000000005,0,0,0,0,0,0
rule,5,42,1.5,10,0,0.47000000000000003,0,0,0,0,0,0
rule,6,42,2.1,11,0,0.5700000000000001,0,0,0,0,0,0
rule,7,42,8.3,10,0,0.9900000000000002,0,0,0,0,0,0
rule,8,42,-1.8000000000000003,14,0,0.22999999999999998,0,0,0,0,0,0
rule,9,42,0.10000000000000009,13,0,0.55,0,0,0,0,0,0
rule,10,42,5.1,10,0,0.55,0,0,0,0,0,0
rule,11,42,-0.4,10,0,0.35,0,0,0,0,0,0
rule,12,42,9.799999999999999,14,0,0.9000000000000004,0,0,0,0,0,0
rule,13,42,6.6,12,0,0.44,0,0,0,0,0,0
rule,14,42,2.6999999999999997,13,0,0.6900000000000002,0,0,0,0,0,0
rule,15,42,-10.299999999999999,12,0,0.7400000000000002,0,0,1,10,0,0
rule,16,42,2.0,14,0,0.51,0,0,0,0,0,0
rule,17,42,2.8000000000000003,10,0,0.6300000000000001,0,0,0,0,0,0
rule,18,42,11.3,11,1,0.8100000000000003,1,1,0,0,0,1
rule,19,42,10.299999999999999,14,0,0.9000000000000004,0,0,0,0,0,0
rule,20,42,6.299999999999999,10,0,1.0,0,0,0,0,0,0
rule,21,42,-12.200000000000001,12,0,0.53,0,0,1,10,0,0
rule,22,42,6.0,12,0,0.5900000000000001,0,0,0,0,0,0
rule,23,42,-14.600000000000003,14,0,0.6500000000000001,0,0,1,12,0,0
rule,24,42,6.299999999999999,11,0,0.3,0,0,0,0,0,0
rule,25,42,0.4,11,0,0.27999999999999997,0,0,0,0,0,0
rule,26,42,5.899999999999999,13,0,1.0,0,0,0,0,0,0
rule,27,42,12.5,9,1,0.8700000000000003,1,1,0,0,0,0
rule,28,42,4.8999999999999995,10,0,0.6600000000000001,0,0,0,0,0,0
rule,29,42,2.9000000000000004,13,0,0.6200000000000001,0,0,0,0,0,0
rule,30,42,7.499999999999998,13,0,1.0,0,0,0,0,0,0
rule,31,42,0.8,12,0,0.5,0,0,0,0,0,0
rule,32,42,1.0999999999999999,11,0,0.6400000000000001,0,0,0,0,0,0
rule,33,42,8.1,12,0,0.7500000000000002,0,0,0,0,0,0
rule,34,42,-1.6,6,0,0.2,0,0,0,0,0,0
rule,35,42,1.0999999999999996,12,0,0.6600000000000001,0,0,0,0,0,0
rule,36,42,8.4,13,0,0.6500000000000001,0,0,0,0,0,0
rule,37,42,5.699999999999999,13,0,0.5900000000000001,0,0,0,0,0,0
rule,38,42,7.3999999999999995,10,0,1.0,0,0,0,0,0,0
rule,39,42,5.3999999999999995,10,0,0.5800000000000001,0,0,0,0,0,0
rule,40,42,10.399999999999999,11,0,0.8700000000000003,0,0,0,0,0,0
rule,41,42,12.2,7,1,0.9300000000000004,1,1,0,0,0,0
rule,42,42,1.6999999999999997,13,0,0.56,0,0,0,0,0,0
rule,43,42,5.3999999999999995,14,0,1.0,0,0,0,0,0,0
rule,44,42,10.0,12,0,0.8100000000000003,0,0,0,0,0,0
rule,45,42,4.7,13,0,0.5900000000000001,0,0,0,0,0,0
rule,46,42,8.4,13,0,0.6600000000000001,0,0,0,0,0,0
rule,47,42,3.399999999999999,12,0,0.48000000000000004,0,0,0,0,0,0
rule,48,42,2.8000000000000003,13,0,0.24,0,0,0,0,0,0
rule,49,42,-1.4,10,0,0.18,0,0,0,0,0,0
rule,50,42,-0.9,10,0,0.19,0,0,0,0,0,0
rule,51,42,0.09999999999999998,13,0,0.5800000000000001,0,0,0,0,0,0
rule,52,42,-10.9,12,0,0.6599999999999999,0,0,1,10,0,0
rule,53,42,6.299999999999999,12,0,0.5800000000000001,0,0,0,0,0,0
rule,54,42,5.6000000000000005,14,0,0.7200000000000002,0,0,0,0,0,0
rule,55,42,-0.09999999999999998,11,0,0.26999999999999996,0,0,0,0,0,0
rule,56,42,12.8,10,1,0.8300000000000003,1,1,0,0,0,1
rule,57,42,-2.0,8,0,0.2,0,0,0,0,0,0
rule,58,42,-0.09999999999999998,11,0,0.4,0,0,0,0,0,0
rule,59,42,4.199999999999999,13,0,0.6100000000000001,0,0,0,0,0,0
rule,60,42,13.0,9,1,0.8900000000000003,1,1,0,0,0,0
rule,61,42,13.399999999999999,9,1,0.7000000000000002,1,1,0,0,0,0
rule,62,42,3.5000000000000004,10,0,0.52,0,0,0,0,0,0
rule,63,42,1.5,10,0,0.6300000000000001,0,0,0,0,0,0
rule,64,42,0.5000000000000001,12,0,0.45,0,0,0,0,0,0
rule,65,42,-3.1,9,0,0.18,0,0,0,0,0,0
rule,66,42,-1.0999999999999996,10,0,0.49000000000000005,0,0,0,0,0,0
rule,67,42,-9.6,14,0,1.0,0,0,1,12,0,0
rule,68,42,3.5000000000000004,11,0,0.38,0,0,0,0,0,0
rule,69,42,4.299999999999999,14,0,0.6000000000000001,0,0,0,0,0,0
rule,70,42,6.199999999999999,11,0,0.9400000000000004,0,0,0,0,0,0
rule,71,42,7.099999999999999,11,0,1.0,0,0,0,0,0,0
rule,72,42,-7.300000000000001,10,0,0.78,0,0,1,8,0,0
rule,73,42,-17.799999999999997,14,0,0.22999999999999998,0,0,1,12,0,0
rule,74,42,7.999999999999998,12,0,0.6300000000000001,0,0,0,0,0,0
rule,75,42,3.1,11,0,0.38,0,0,0,0,0,0
rule,76,42,-2.4,10,0,0.39,0,0,0,0,0,0
rule,77,42,7.799999999999999,12,0,0.7300000000000002,0,0,0,0,0,0
rule,78,42,4.999999999999999,13,0,0.8400000000000003,0,0,0,0,0,0
rule,79,42,-1.0,8,0,0.19,0,0,0,0,0,0
rule,80,42,5.4,10,0,0.7600000000000002,0,0,0,0,0,0
rule,81,42,9.8,14,0,0.9300000000000004,0,0,0,0,0,0
rule,82,42,8.8,13,0,0.8700000000000003,0,0,0,0,0,0
rule,83,42,-0.7999999999999997,11,0,0.48000000000000004,0,0,0,0,0,0
rule,84,42,12.1,7,1,0.8400000000000003,1,1,0,0,0,0
rule,85,42,9.100000000000001,12,0,0.7600000000000002,0,0,0,0,0,0
rule,86,42,6.499999999999998,10,0,0.8200000000000003,0,0,0,0,0,0
rule,87,42,4.399999999999999,11,0,0.6200000000000001,0,0,0,0,0,0
rule,88,42,-1.1,11,0,0.26,0,0,0,0,0,0
rule,89,42,0.8,11,0,0.51,0,0,0,0,0,0
rule,90,42,6.899999999999999,10,0,0.8500000000000003,0,0,0,0,0,0
rule,91,42,3.7,12,0,0.6300000000000001,0,0,0,0,0,0
rule,92,42,13.8,9,1,0.7800000000000002,1,1,0,0,0,1
rule,93,42,8.299999999999999,10,0,0.8700000000000003,0,0,0,0,0,0
rule,94,42,6.299999999999999,12,0,0.7700000000000002,0,0,0,0,0,0
rule,95,42,6.699999999999999,14,0,0.8500000000000003,1,1,0,0,0,0
rule,96,42,-1.6,6,0,0.18,0,0,0,0,0,0
rule,97,42,5.599999999999999,12,0,0.6399999999999999,0,0,0,0,0,0
rule,98,42,7.799999999999999,10,0,0.9400000000000002,1,1,0,0,0,0
rule,99,42,8.799999999999999,11,0,0.8400000000000003,0,0,0,0,0,0
text_trained_ppo,0,42,0.4,14,0,0.52,0,0,0,0,0,0
text_trained_ppo,1,42,1.1,13,0,0.45,0,0,0,0,0,0
text_trained_ppo,2,42,5.299999999999999,12,0,0.52,0,0,0,0,0,0
text_trained_ppo,3,42,-0.8000000000000002,11,0,0.47000000000000003,0,0,0,0,0,0
text_trained_ppo,4,42,-0.20000000000000018,13,0,0.49000000000000005,0,0,0,0,0,0
text_trained_ppo,5,42,1.5,10,0,0.47000000000000003,0,0,0,0,0,0
text_trained_ppo,6,42,2.1,11,0,0.5700000000000001,0,0,0,0,0,0
text_trained_ppo,7,42,6.6,10,0,0.78,0,0,0,0,0,0
text_trained_ppo,8,42,-1.8000000000000003,14,0,0.22999999999999998,0,0,0,0,0,0
text_trained_ppo,9,42,0.10000000000000009,13,0,0.55,0,0,0,0,0,0
text_trained_ppo,10,42,7.200000000000001,10,0,0.6900000000000002,0,0,0,0,0,0
text_trained_ppo,11,42,-0.4,10,0,0.35,0,0,0,0,0,0
text_trained_ppo,12,42,2.4999999999999996,14,0,0.6200000000000001,0,0,0,0,0,0
text_trained_ppo,13,42,3.4,12,0,0.3,0,0,0,0,0,0
text_trained_ppo,14,42,2.6999999999999997,13,0,0.6900000000000002,0,0,0,0,0,0
text_trained_ppo,15,42,-10.299999999999999,12,0,0.7400000000000002,0,0,0,10,0,0
text_trained_ppo,16,42,2.0,14,0,0.51,0,0,0,0,0,0
text_trained_ppo,17,42,2.8000000000000003,10,0,0.6300000000000001,0,0,0,0,0,0
text_trained_ppo,18,42,11.3,11,1,0.8100000000000003,1,1,0,0,0,1
text_trained_ppo,19,42,8.499999999999998,14,0,0.55,0,0,0,0,0,0
text_trained_ppo,20,42,6.299999999999999,10,0,1.0,0,0,0,0,0,0
text_trained_ppo,21,42,-12.200000000000001,12,0,0.53,0,0,0,10,0,0
text_trained_ppo,22,42,6.0,12,0,0.5900000000000001,0,0,0,0,0,0
text_trained_ppo,23,42,-14.600000000000003,14,0,0.6500000000000001,0,0,0,12,0,0
text_trained_ppo,24,42,2.4,11,0,0.22999999999999998,0,0,0,0,0,0
text_trained_ppo,25,42,6.0,11,0,0.56,0,0,0,0,0,0
text_trained_ppo,26,42,5.899999999999999,13,0,1.0,0,0,0,0,0,0
text_trained_ppo,27,42,12.399999999999999,8,1,0.8000000000000003,1,1,0,0,0,0
text_trained_ppo,28,42,9.8,10,0,0.8000000000000003,0,0,0,0,0,0
text_trained_ppo,29,42,13.299999999999999,12,1,0.9700000000000004,1,1,0,0,0,1
text_trained_ppo,30,42,7.499999999999998,13,0,1.0,0,0,0,0,0,0
text_trained_ppo,31,42,0.8,12,0,0.5,0,0,0,0,0,0
text_trained_ppo,32,42,1.0999999999999999,11,0,0.6400000000000001,0,0,0,0,0,0
text_trained_ppo,33,42,8.1,12,0,0.7500000000000002,0,0,0,0,0,0
text_trained_ppo,34,42,-1.6,6,0,0.2,0,0,0,0,0,0
text_trained_ppo,35,42,1.0999999999999996,12,0,0.6600000000000001,0,0,0,0,0,0
text_trained_ppo,36,42,3.4999999999999996,13,0,0.44,0,0,0,0,0,0
text_trained_ppo,37,42,7.8,13,0,0.7300000000000002,0,0,0,0,0,0
text_trained_ppo,38,42,5.3,10,0,0.6200000000000001,0,0,0,0,0,0
text_trained_ppo,39,42,6.3,10,0,0.51,0,0,0,0,0,0
text_trained_ppo,40,42,10.599999999999998,11,0,0.8000000000000003,0,0,0,0,0,0
text_trained_ppo,41,42,12.2,7,1,0.9300000000000004,1,1,0,0,0,0
text_trained_ppo,42,42,1.6999999999999997,13,0,0.56,0,0,0,0,0,0
text_trained_ppo,43,42,5.3999999999999995,14,0,1.0,0,0,0,0,0,0
text_trained_ppo,44,42,10.400000000000002,12,0,0.8100000000000003,0,0,0,0,0,0
text_trained_ppo,45,42,3.2000000000000006,13,0,0.31,0,0,0,0,0,0
text_trained_ppo,46,42,9.299999999999999,13,0,0.5900000000000001,0,0,0,0,0,0
text_trained_ppo,47,42,3.399999999999999,12,0,0.48000000000000004,0,0,0,0,0,0
text_trained_ppo,48,42,6.0,13,0,0.45,0,0,0,0,0,0
text_trained_ppo,49,42,-1.4,10,0,0.18,0,0,0,0,0,0
text_trained_ppo,50,42,1.0,9,0,0.19,0,0,0,0,0,0
text_trained_ppo,51,42,0.09999999999999998,13,0,0.5800000000000001,0,0,0,0,0,0
text_trained_ppo,52,42,-10.9,12,0,0.6599999999999999,0,0,0,10,0,0
text_trained_ppo,53,42,6.3,12,0,0.3,0,0,0,0,0,0
text_trained_ppo,54,42,4.6000000000000005,14,0,0.7200000000000002,0,0,0,0,0,0
text_trained_ppo,55,42,-0.09999999999999998,11,0,0.26999999999999996,0,0,0,0,0,0
text_trained_ppo,56,42,11.199999999999998,11,0,0.8300000000000003,0,0,0,0,0,0
text_trained_ppo,57,42,-2.0,8,0,0.2,0,0,0,0,0,0
text_trained_ppo,58,42,-0.09999999999999998,11,0,0.4,0,0,0,0,0,0
text_trained_ppo,59,42,5.1,13,0,0.54,0,0,0,0,0,0
text_trained_ppo,60,42,13.0,9,1,0.8900000000000003,1,1,0,0,0,0
text_trained_ppo,61,42,8.9,11,0,0.56,0,0,0,0,0,0
text_trained_ppo,62,42,4.9,10,0,0.5900000000000001,0,0,0,0,0,0
text_trained_ppo,63,42,1.5,10,0,0.6300000000000001,0,0,0,0,0,0
text_trained_ppo,64,42,0.5000000000000001,12,0,0.45,0,0,0,0,0,0
text_trained_ppo,65,42,3.1000000000000005,12,0,0.46,0,0,0,0,0,0
text_trained_ppo,66,42,-1.0999999999999996,10,0,0.49000000000000005,0,0,0,0,0,0
text_trained_ppo,67,42,-9.6,14,0,1.0,0,0,0,12,0,0
text_trained_ppo,68,42,6.1,11,0,0.6600000000000001,0,0,0,0,0,0
text_trained_ppo,69,42,4.299999999999999,14,0,0.6000000000000001,0,0,0,0,0,0
text_trained_ppo,70,42,6.199999999999999,11,0,0.9400000000000004,0,0,0,0,0,0
text_trained_ppo,71,42,5.499999999999999,11,0,0.56,0,0,0,0,0,0
text_trained_ppo,72,42,-7.300000000000001,10,0,0.78,0,0,0,8,0,0
text_trained_ppo,73,42,-17.799999999999997,14,0,0.22999999999999998,0,0,0,12,0,0
text_trained_ppo,74,42,0.5000000000000001,10,0,0.20999999999999996,0,0,0,0,0,0
text_trained_ppo,75,42,5.1,11,0,0.45,0,0,0,0,0,0
text_trained_ppo,76,42,-2.4,10,0,0.39,0,0,0,0,0,0
text_trained_ppo,77,42,7.799999999999999,12,0,0.7300000000000002,0,0,0,0,0,0
text_trained_ppo,78,42,4.999999999999999,13,0,0.8400000000000003,0,0,0,0,0,0
text_trained_ppo,79,42,-1.0,8,0,0.19,0,0,0,0,0,0
text_trained_ppo,80,42,5.4,10,0,0.7600000000000002,0,0,0,0,0,0
text_trained_ppo,81,42,5.899999999999999,14,0,0.51,0,0,0,0,0,0
text_trained_ppo,82,42,11.499999999999998,13,0,0.8700000000000003,0,0,0,0,0,0
text_trained_ppo,83,42,-0.7999999999999997,11,0,0.48000000000000004,0,0,0,0,0,0
text_trained_ppo,84,42,12.6,7,1,0.8400000000000003,1,1,0,0,0,0
text_trained_ppo,85,42,10.100000000000001,12,0,0.7600000000000002,0,0,0,0,0,0
text_trained_ppo,86,42,6.299999999999999,10,0,0.54,0,0,0,0,0,0
text_trained_ppo,87,42,7.1,11,0,0.7600000000000002,0,0,0,0,0,0
text_trained_ppo,88,42,-1.1,11,0,0.26,0,0,0,0,0,0
text_trained_ppo,89,42,0.8,11,0,0.51,0,0,0,0,0,0
text_trained_ppo,90,42,6.899999999999999,10,0,0.8500000000000003,0,0,0,0,0,0
text_trained_ppo,91,42,3.7,12,0,0.6300000000000001,0,0,0,0,0,0
text_trained_ppo,92,42,14.8,9,1,0.7800000000000002,1,1,0,0,0,1
text_trained_ppo,93,42,5.999999999999999,10,0,0.52,0,0,0,0,0,0
text_trained_ppo,94,42,6.299999999999999,12,0,0.7700000000000002,0,0,0,0,0,0
text_trained_ppo,95,42,8.799999999999999,14,0,0.7100000000000002,0,0,0,0,0,0
text_trained_ppo,96,42,-1.6,6,0,0.18,0,0,0,0,0,0
text_trained_ppo,97,42,10.800000000000002,12,0,0.8500000000000001,0,0,0,0,0,0
text_trained_ppo,98,42,8.299999999999999,10,0,0.9400000000000002,1,1,0,0,0,0
text_trained_ppo,99,42,8.4,11,0,0.7700000000000002,0,0,0,0,0,0
prior_voice_ppo,0,42,0.4999999999999999,14,0,0.52,0,0,0,0,0,0
prior_voice_ppo,1,42,1.1999999999999997,13,0,0.45,0,0,0,0,0,0
prior_voice_ppo,2,42,5.3999999999999995,12,0,0.52,0,0,0,0,0,0
prior_voice_ppo,3,42,-0.7000000000000001,11,0,0.47000000000000003,0,0,0,0,0,0
prior_voice_ppo,4,42,-0.10000000000000009,13,0,0.49000000000000005,0,0,0,0,0,0
prior_voice_ppo,5,42,1.6,10,0,0.47000000000000003,0,0,0,0,0,0
prior_voice_ppo,6,42,2.1999999999999997,11,0,0.5700000000000001,0,0,0,0,0,0
prior_voice_ppo,7,42,6.699999999999999,10,0,0.78,0,0,0,0,0,0
prior_voice_ppo,8,42,-1.7000000000000006,14,0,0.22999999999999998,0,0,0,0,0,0
prior_voice_ppo,9,42,0.20000000000000018,13,0,0.55,0,0,0,0,0,0
prior_voice_ppo,10,42,7.300000000000001,10,0,0.6900000000000002,0,0,0,0,0,0
prior_voice_ppo,11,42,-0.30000000000000016,10,0,0.35,0,0,0,0,0,0
prior_voice_ppo,12,42,2.599999999999999,14,0,0.6200000000000001,0,0,0,0,0,0
prior_voice_ppo,13,42,3.4999999999999996,12,0,0.3,0,0,0,0,0,0
prior_voice_ppo,14,42,2.8,13,0,0.6900000000000002,0,0,0,0,0,0
prior_voice_ppo,15,42,-0.20000000000000007,12,0,0.7400000000000002,0,0,0,0,0,0
prior_voice_ppo,16,42,2.0999999999999996,14,0,0.51,0,0,0,0,0,0
prior_voice_ppo,17,42,2.9,10,0,0.6300000000000001,0,0,0,0,0,0
prior_voice_ppo,18,42,6.099999999999999,12,0,0.6700000000000002,0,0,0,0,0,0
prior_voice_ppo,19,42,8.599999999999998,14,0,0.55,0,0,0,0,0,0
prior_voice_ppo,20,42,6.399999999999999,10,0,1.0,0,0,0,0,0,0
prior_voice_ppo,21,42,-2.1,12,0,0.53,0,0,0,0,0,0
prior_voice_ppo,22,42,6.1,12,0,0.5900000000000001,0,0,0,0,0,0
prior_voice_ppo,23,42,-2.5000000000000004,14,0,0.6500000000000001,0,0,0,0,0,0
prior_voice_ppo,24,42,2.0,9,0,0.15999999999999998,0,0,0,0,0,0
prior_voice_ppo,25,42,2.7000000000000006,11,0,0.42,0,0,0,0,0,0
prior_voice_ppo,26,42,5.999999999999999,13,0,1.0,0,0,0,0,0,0
prior_voice_ppo,27,42,12.5,8,1,0.8000000000000003,1,1,0,0,0,0
prior_voice_ppo,28,42,9.9,10,0,0.8000000000000003,0,0,0,0,0,0
prior_voice_ppo,29,42,13.399999999999999,12,1,0.9700000000000004,1,1,0,0,0,1
prior_voice_ppo,30,42,7.599999999999998,13,0,1.0,0,0,0,0,0,0
prior_voice_ppo,31,42,0.8999999999999999,12,0,0.5,0,0,0,0,0,0
prior_voice_ppo,32,42,1.2,11,0,0.6400000000000001,0,0,0,0,0,0
prior_voice_ppo,33,42,7.899999999999999,12,0,0.8200000000000003,0,0,0,0,0,0
prior_voice_ppo,34,42,-1.4999999999999996,6,0,0.2,0,0,0,0,0,0
prior_voice_ppo,35,42,1.1999999999999997,12,0,0.6600000000000001,0,0,0,0,0,0
prior_voice_ppo,36,42,3.599999999999999,13,0,0.44,0,0,0,0,0,0
prior_voice_ppo,37,42,8.4,13,0,0.7300000000000002,0,0,0,0,0,0
prior_voice_ppo,38,42,5.3999999999999995,10,0,0.6200000000000001,0,0,0,0,0,0
prior_voice_ppo,39,42,6.3999999999999995,10,0,0.51,0,0,0,0,0,0
prior_voice_ppo,40,42,10.7,11,0,0.8000000000000003,0,0,0,0,0,0
prior_voice_ppo,41,42,12.3,7,1,0.9300000000000004,1,1,0,0,0,0
prior_voice_ppo,42,42,1.7999999999999998,13,0,0.56,0,0,0,0,0,0
prior_voice_ppo,43,42,5.499999999999999,14,0,1.0,0,0,0,0,0,0
prior_voice_ppo,44,42,10.500000000000002,12,0,0.8100000000000003,0,0,0,0,0,0
prior_voice_ppo,45,42,3.3000000000000003,13,0,0.31,0,0,0,0,0,0
prior_voice_ppo,46,42,9.399999999999999,13,0,0.5900000000000001,0,0,0,0,0,0
prior_voice_ppo,47,42,3.499999999999999,12,0,0.48000000000000004,0,0,0,0,0,0
prior_voice_ppo,48,42,6.1,13,0,0.45,0,0,0,0,0,0
prior_voice_ppo,49,42,-1.2999999999999998,10,0,0.18,0,0,0,0,0,0
prior_voice_ppo,50,42,1.1,9,0,0.19,0,0,0,0,0,0
prior_voice_ppo,51,42,0.1999999999999998,13,0,0.5800000000000001,0,0,0,0,0,0
prior_voice_ppo,52,42,-0.8000000000000002,12,0,0.6599999999999999,0,0,0,0,0,0
prior_voice_ppo,53,42,6.3999999999999995,12,0,0.3,0,0,0,0,0,0
prior_voice_ppo,54,42,4.700000000000001,14,0,0.7200000000000002,0,0,0,0,0,0
prior_voice_ppo,55,42,-1.1102230246251565e-16,11,0,0.26999999999999996,0,0,0,0,0,0
prior_voice_ppo,56,42,11.299999999999999,11,0,0.8300000000000003,0,0,0,0,0,0
prior_voice_ppo,57,42,-1.9,8,0,0.2,0,0,0,0,0,0
prior_voice_ppo,58,42,-1.1102230246251565e-16,11,0,0.4,0,0,0,0,0,0
prior_voice_ppo,59,42,5.2,13,0,0.54,0,0,0,0,0,0
prior_voice_ppo,60,42,13.099999999999998,9,1,0.8900000000000003,1,1,0,0,0,0
prior_voice_ppo,61,42,9.0,11,0,0.56,0,0,0,0,0,0
prior_voice_ppo,62,42,4.699999999999999,10,0,0.5900000000000001,0,0,0,0,0,0
prior_voice_ppo,63,42,1.6,10,0,0.6300000000000001,0,0,0,0,0,0
prior_voice_ppo,64,42,0.6,12,0,0.45,0,0,0,0,0,0
prior_voice_ppo,65,42,3.2,12,0,0.46,0,0,0,0,0,0
prior_voice_ppo,66,42,-0.9999999999999999,10,0,0.49000000000000005,0,0,0,0,0,0
prior_voice_ppo,67,42,2.5000000000000004,14,0,1.0,0,0,0,0,0,0
prior_voice_ppo,68,42,6.199999999999999,11,0,0.6600000000000001,0,0,0,0,0,0
prior_voice_ppo,69,42,4.399999999999999,14,0,0.6000000000000001,0,0,0,0,0,0
prior_voice_ppo,70,42,7.899999999999999,11,0,1.0,0,0,0,0,0,0
prior_voice_ppo,71,42,5.599999999999999,11,0,0.56,0,0,0,0,0,0
prior_voice_ppo,72,42,0.7999999999999999,10,0,0.78,0,0,0,0,0,0
prior_voice_ppo,73,42,-5.7,14,0,0.22999999999999998,0,0,0,0,0,0
prior_voice_ppo,74,42,0.6,10,0,0.20999999999999996,0,0,0,0,0,0
prior_voice_ppo,75,42,5.199999999999999,11,0,0.45,0,0,0,0,0,0
prior_voice_ppo,76,42,-2.3,10,0,0.39,0,0,0,0,0,0
prior_voice_ppo,77,42,7.599999999999998,12,0,0.8000000000000003,0,0,0,0,0,0
prior_voice_ppo,78,42,5.099999999999999,13,0,0.8400000000000003,0,0,0,0,0,0
prior_voice_ppo,79,42,-0.9,8,0,0.19,0,0,0,0,0,0
prior_voice_ppo,80,42,5.5,10,0,0.7600000000000002,0,0,0,0,0,0
prior_voice_ppo,81,42,7.599999999999998,14,0,0.5800000000000001,0,0,0,0,0,0
prior_voice_ppo,82,42,11.599999999999998,13,0,0.8700000000000003,0,0,0,0,0,0
prior_voice_ppo,83,42,-0.7000000000000001,11,0,0.48000000000000004,0,0,0,0,0,0
prior_voice_ppo,84,42,12.7,7,1,0.8400000000000003,1,1,0,0,0,0
prior_voice_ppo,85,42,10.5,12,0,0.7600000000000002,0,0,0,0,0,0
prior_voice_ppo,86,42,6.3999999999999995,10,0,0.54,0,0,0,0,0,0
prior_voice_ppo,87,42,7.199999999999999,11,0,0.7600000000000002,0,0,0,0,0,0
prior_voice_ppo,88,42,-1.0,11,0,0.26,0,0,0,0,0,0
prior_voice_ppo,89,42,0.8999999999999999,11,0,0.51,0,0,0,0,0,0
prior_voice_ppo,90,42,6.699999999999998,10,0,0.9200000000000004,0,0,0,0,0,0
prior_voice_ppo,91,42,3.8,12,0,0.6300000000000001,0,0,0,0,0,0
prior_voice_ppo,92,42,14.899999999999999,9,1,0.7800000000000002,1,1,0,0,0,1
prior_voice_ppo,93,42,6.099999999999999,10,0,0.52,0,0,0,0,0,0
prior_voice_ppo,94,42,6.399999999999999,12,0,0.7700000000000002,0,0,0,0,0,0
prior_voice_ppo,95,42,12.499999999999998,14,0,0.7800000000000002,0,0,0,0,0,0
prior_voice_ppo,96,42,-1.5,6,0,0.18,0,0,0,0,0,0
prior_voice_ppo,97,42,9.1,12,0,0.78,0,0,0,0,0,0
prior_voice_ppo,98,42,8.399999999999999,10,0,0.9400000000000002,1,1,0,0,0,0
prior_voice_ppo,99,42,7.799999999999999,11,0,0.8400000000000003,0,0,0,0,0,0
voice_ppo,0,43,4.799999999999999,11,0,0.7300000000000002,0,0,0,0,0,0
voice_ppo,1,43,1.5,13,0,0.53,0,0,0,0,0,0
voice_ppo,2,43,8.600000000000001,10,0,0.9300000000000004,0,0,0,0,0,0
voice_ppo,3,43,7.199999999999999,14,0,0.6700000000000002,0,0,0,0,0,0
voice_ppo,4,43,5.999999999999999,13,0,0.8100000000000003,0,0,0,0,0,0
voice_ppo,5,43,12.899999999999999,13,0,0.8300000000000003,0,0,0,0,0,0
voice_ppo,6,43,5.800000000000001,13,0,0.71,0,0,0,0,0,0
voice_ppo,7,43,9.6,12,0,0.7100000000000002,0,0,0,0,0,0
voice_ppo,8,43,2.8,12,0,0.56,0,0,0,0,0,0
voice_ppo,9,43,6.699999999999998,12,0,1.0,0,0,0,0,0,0
voice_ppo,10,43,-1.5,14,0,0.56,0,0,0,0,0,0
voice_ppo,11,43,14.2,11,1,0.5900000000000001,1,1,0,0,0,1
voice_ppo,12,43,0.4999999999999999,13,0,0.5700000000000001,0,0,0,0,0,0
voice_ppo,13,43,7.999999999999998,10,0,0.51,0,0,0,0,0,0
voice_ppo,14,43,6.999999999999999,12,0,0.47000000000000003,0,0,0,0,0,0
voice_ppo,15,43,3.1,12,0,0.7300000000000002,0,0,0,0,0,0
voice_ppo,16,43,-3.1,5,0,0.18,0,0,0,0,0,0
voice_ppo,17,43,6.699999999999999,14,0,1.0,0,0,0,0,0,0
voice_ppo,18,43,2.2,10,0,0.29,0,0,0,0,0,0
voice_ppo,19,43,4.299999999999999,10,0,0.7600000000000002,0,0,0,0,0,0
voice_ppo,20,43,-0.5000000000000001,12,0,0.44,0,0,0,0,0,0
voice_ppo,21,43,6.399999999999999,14,0,1.0,0,0,0,0,0,0
voice_ppo,22,43,6.399999999999999,13,0,0.6300000000000001,0,0,0,0,0,0
voice_ppo,23,43,0.9000000000000002,10,0,0.6700000000000002,0,0,0,0,0,0
voice_ppo,24,43,6.399999999999999,12,0,0.53,0,0,0,0,0,0
voice_ppo,25,43,0.1999999999999999,14,0,0.39,0,0,0,0,0,0
voice_ppo,26,43,14.3,10,1,0.7500000000000002,1,1,0,0,0,0
voice_ppo,27,43,10.400000000000002,11,0,0.8800000000000001,0,0,0,0,0,0
voice_ppo,28,43,9.999999999999998,11,0,0.7200000000000002,0,0,0,0,0,0
voice_ppo,29,43,5.0,10,0,0.6100000000000001,0,0,0,0,0,0
voice_ppo,30,43,4.8999999999999995,11,0,1.0,0,0,0,0,0,0
voice_ppo,31,43,2.1,14,0,0.6500000000000001,0,0,0,0,0,0
voice_ppo,32,43,2.0999999999999996,14,0,0.51,0,0,0,0,0,0
voice_ppo,33,43,-3.3000000000000003,12,0,0.18,0,0,0,0,0,0
voice_ppo,34,43,-2.1,14,0,0.57,0,0,0,0,0,0
voice_ppo,35,43,10.299999999999999,11,0,0.9500000000000004,0,0,0,0,0,0
voice_ppo,36,43,4.1,12,0,0.41000000000000003,0,0,0,0,0,0
voice_ppo,37,43,13.0,14,0,0.9200000000000004,0,0,0,0,0,0
voice_ppo,38,43,1.2999999999999998,10,0,0.54,0,0,0,0,0,0
voice_ppo,39,43,2.6,10,0,0.53,0,0,0,0,0,0
voice_ppo,40,43,0.49999999999999994,13,0,0.5,0,0,0,0,0,0
voice_ppo,41,43,6.699999999999998,11,0,0.8800000000000003,0,0,0,0,0,0
voice_ppo,42,43,3.9999999999999996,11,0,0.21999999999999997,0,0,0,0,0,0
voice_ppo,43,43,3.1,12,0,0.8700000000000001,0,0,0,0,0,0
voice_ppo,44,43,13.1,12,1,1.0,1,1,0,0,0,0
voice_ppo,45,43,14.1,8,1,0.8600000000000003,1,1,0,0,0,0
voice_ppo,46,43,-2.6999999999999997,9,0,0.16999999999999998,0,0,0,0,0,0
voice_ppo,47,43,1.4,9,0,0.16999999999999998,0,0,0,0,0,0
voice_ppo,48,43,6.4,10,0,0.7000000000000002,0,0,0,0,0,0
voice_ppo,49,43,2.7999999999999994,13,0,0.6500000000000001,0,0,0,0,0,0
voice_ppo,50,43,5.4,12,0,0.38,0,0,0,0,0,0
voice_ppo,51,43,11.800000000000002,14,0,0.8200000000000003,0,0,0,0,0,0
voice_ppo,52,43,3.6999999999999997,13,0,1.0,0,0,0,0,0,0
voice_ppo,53,43,6.999999999999998,13,0,1.0,0,0,0,0,0,0
voice_ppo,54,43,6.699999999999998,10,0,1.0,0,0,0,0,0,0
voice_ppo,55,43,6.0,14,0,0.53,0,0,0,0,0,0
voice_ppo,56,43,6.999999999999998,14,0,1.0,0,0,0,0,0,0
voice_ppo,57,43,-2.1,12,0,0.43,0,0,0,0,0,0
voice_ppo,58,43,4.7,10,0,0.6399999999999999,0,0,0,0,0,0
voice_ppo,59,43,3.1999999999999997,12,0,0.6100000000000001,0,0,0,0,0,0
voice_ppo,60,43,17.4,11,1,0.9200000000000004,1,1,0,0,0,1
voice_ppo,61,43,8.9,14,0,0.5800000000000001,0,0,0,0,0,0
voice_ppo,62,43,11.9,13,0,0.7600000000000002,0,0,0,0,0,0
voice_ppo,63,43,6.699999999999998,10,0,1.0,0,0,0,0,0,0
voice_ppo,64,43,11.299999999999999,8,1,0.6900000000000002,1,1,0,0,0,0
voice_ppo,65,43,6.5,11,0,0.7700000000000002,0,0,0,0,0,0
voice_ppo,66,43,13.8,8,1,0.7900000000000003,1,1,0,0,0,0
voice_ppo,67,43,6.699999999999999,11,0,0.9700000000000004,0,0,0,0,0,0
voice_ppo,68,43,11.099999999999998,12,0,0.6800000000000002,0,0,0,0,0,0
voice_ppo,69,43,-1.1,10,0,0.3,0,0,0,0,0,0
voice_ppo,70,43,8.5,14,0,1.0,0,0,0,0,0,0
voice_ppo,71,43,3.6,11,0,0.47000000000000003,0,0,0,0,0,0
voice_ppo,72,43,9.7,13,0,0.45,0,0,0,0,0,0
voice_ppo,73,43,8.999999999999998,11,0,0.7900000000000003,0,0,0,0,0,0
voice_ppo,74,43,0.9000000000000002,10,0,0.18,0,0,0,0,0,0
voice_ppo,75,43,-0.9999999999999992,12,0,0.22999999999999998,0,0,0,0,0,0
voice_ppo,76,43,0.3,11,0,0.43,0,0,0,0,0,0
voice_ppo,77,43,1.1999999999999997,11,0,0.6000000000000001,0,0,0,0,0,0
voice_ppo,78,43,-1.1,12,0,0.48000000000000004,0,0,0,0,0,0
voice_ppo,79,43,-1.1,14,0,0.31,0,0,0,0,0,0
voice_ppo,80,43,6.299999999999998,13,0,0.31,0,0,0,0,0,0
voice_ppo,81,43,3.1,14,0,0.55,0,0,0,0,0,0
voice_ppo,82,43,7.8999999999999995,14,0,0.42,0,0,0,0,0,0
voice_ppo,83,43,1.8000000000000003,10,0,0.36,0,0,0,0,0,0
voice_ppo,84,43,7.599999999999998,14,0,0.5700000000000001,0,0,0,0,0,0
voice_ppo,85,43,5.099999999999999,10,0,0.42,0,0,0,0,0,0
voice_ppo,86,43,5.299999999999999,13,0,0.6800000000000002,0,0,0,0,0,0
voice_ppo,87,43,5.499999999999999,11,0,0.7300000000000002,0,0,0,0,0,0
voice_ppo,88,43,14.399999999999999,11,1,0.5900000000000001,1,1,0,0,0,0
voice_ppo,89,43,-0.8000000000000002,13,0,0.5800000000000001,0,0,0,0,0,0
voice_ppo,90,43,1.7999999999999998,14,0,0.6300000000000001,0,0,0,0,0,0
voice_ppo,91,43,1.6,12,0,1.0,0,0,0,0,0,0
voice_ppo,92,43,7.299999999999999,10,0,0.8800000000000003,0,0,0,0,0,0
voice_ppo,93,43,7.299999999999999,14,0,0.6499999999999999,0,0,0,0,0,0
voice_ppo,94,43,4.2,12,0,0.31,0,0,0,0,0,0
voice_ppo,95,43,3.2,10,0,0.56,0,0,0,0,0,0
voice_ppo,96,43,3.4999999999999996,12,0,0.19999999999999996,0,0,0,0,0,0
voice_ppo,97,43,6.1,10,0,0.9900000000000002,0,0,0,0,0,0
voice_ppo,98,43,5.899999999999999,13,0,0.25,0,0,0,0,0,0
voice_ppo,99,43,6.499999999999999,11,0,0.5700000000000001,0,0,0,0,0,0
rule,0,43,4.699999999999999,11,0,0.7300000000000002,0,0,0,0,0,0
rule,1,43,1.4,13,0,0.53,0,0,0,0,0,0
rule,2,43,7.6,10,0,0.8600000000000003,0,0,0,0,0,0
rule,3,43,-3.1,8,0,0.18,0,0,0,0,0,0
rule,4,43,5.8999999999999995,13,0,0.8100000000000003,0,0,0,0,0,0
rule,5,43,12.899999999999999,12,1,0.7600000000000002,1,1,0,0,0,1
rule,6,43,4.0,13,0,0.71,0,0,0,0,0,0
rule,7,43,7.699999999999999,12,0,0.7800000000000002,0,0,0,0,0,0
rule,8,43,2.7,12,0,0.56,0,0,0,0,0,0
rule,9,43,6.599999999999999,12,0,1.0,0,0,0,0,0,0
rule,10,43,-13.6,14,0,0.56,0,0,1,12,0,0
rule,11,43,13.6,11,1,0.5900000000000001,1,1,0,0,0,1
rule,12,43,0.3999999999999998,13,0,0.5700000000000001,0,0,0,0,0,0
rule,13,43,8.8,10,0,0.5800000000000001,0,0,0,0,0,0
rule,14,43,7.9,12,0,0.6100000000000001,0,0,0,0,0,0
rule,15,43,3.0,12,0,0.7300000000000002,0,0,0,0,0,0
rule,16,43,-3.1999999999999997,5,0,0.18,0,0,0,0,0,0
rule,17,43,6.6,14,0,1.0,0,0,0,0,0,0
rule,18,43,3.1,10,0,0.5700000000000001,0,0,0,0,0,0
rule,19,43,-3.8,10,0,0.7600000000000002,0,0,1,8,0,0
rule,20,43,-10.6,12,0,0.44,0,0,1,10,0,0
rule,21,43,7.199999999999998,14,0,1.0,0,0,0,0,0,0
rule,22,43,6.299999999999999,13,0,0.6300000000000001,0,0,0,0,0,0
rule,23,43,0.8000000000000002,10,0,0.6700000000000002,0,0,0,0,0,0
rule,24,43,4.6,12,0,0.53,0,0,0,0,0,0
rule,25,43,0.10000000000000003,14,0,0.39,0,0,0,0,0,0
rule,26,43,8.6,13,0,0.7500000000000002,0,0,0,0,0,0
rule,27,43,6.8,11,0,0.8100000000000003,0,0,0,0,0,0
rule,28,43,7.6,11,0,0.7200000000000002,0,0,0,0,0,0
rule,29,43,3.1,10,0,0.54,0,0,0,0,0,0
rule,30,43,-9.3,11,0,0.7900000000000003,0,0,1,9,0,0
rule,31,43,-9.999999999999998,14,0,0.6500000000000001,0,0,1,12,0,0
rule,32,43,2.0,14,0,0.51,0,0,0,0,0,0
rule,33,43,-3.4,12,0,0.18,0,0,0,0,0,0
rule,34,43,-14.200000000000001,14,0,0.57,0,0,1,12,0,0
rule,35,43,7.399999999999999,11,0,0.9500000000000004,0,0,0,0,0,0
rule,36,43,4.999999999999999,12,0,0.7600000000000002,0,0,0,0,0,0
rule,37,43,13.299999999999999,9,1,0.7100000000000002,1,1,0,0,0,0
rule,38,43,1.2000000000000002,10,0,0.54,0,0,0,0,0,0
rule,39,43,2.5000000000000004,10,0,0.53,0,0,0,0,0,0
rule,40,43,0.39999999999999986,13,0,0.5,0,0,0,0,0,0
rule,41,43,6.899999999999999,11,0,0.8800000000000003,0,0,0,0,0,0
rule,42,43,11.600000000000001,11,1,0.5700000000000001,1,1,0,0,0,1
rule,43,43,3.0,12,0,0.8700000000000001,0,0,0,0,0,0
rule,44,43,6.6,14,0,0.7500000000000002,0,0,0,0,0,0
rule,45,43,12.2,8,1,0.8600000000000003,1,1,0,0,0,0
rule,46,43,-9.799999999999999,9,0,0.16999999999999998,0,0,1,7,0,0
rule,47,43,5.8,11,0,0.7300000000000002,0,0,0,0,0,0
rule,48,43,4.1,10,0,0.7000000000000002,0,0,0,0,0,0
rule,49,43,2.6999999999999997,13,0,0.6500000000000001,0,0,0,0,0,0
rule,50,43,5.5,12,0,0.5900000000000001,0,0,0,0,0,0
rule,51,43,10.0,14,0,0.7500000000000002,0,0,0,0,0,0
rule,52,43,-7.3999999999999995,13,0,1.0,0,0,1,11,0,0
rule,53,43,5.8999999999999995,13,0,1.0,0,0,0,0,0,0
rule,54,43,6.599999999999999,10,0,1.0,0,0,0,0,0,0
rule,55,43,7.0,14,0,0.8800000000000003,2,2,0,0,0,0
rule,56,43,6.899999999999999,14,0,1.0,0,0,0,0,0,0
rule,57,43,-12.200000000000001,12,0,0.43,0,0,1,10,0,0
rule,58,43,4.1,10,0,0.6399999999999999,0,0,0,0,0,0
rule,59,43,3.1,12,0,0.6100000000000001,0,0,0,0,0,0
rule,60,43,15.7,10,1,0.9200000000000004,1,1,0,0,0,0
rule,61,43,10.3,14,0,0.7900000000000003,1,1,0,0,0,0
rule,62,43,8.8,13,0,0.7600000000000002,0,0,0,0,0,0
rule,63,43,6.599999999999999,10,0,1.0,0,0,0,0,0,0
rule,64,43,7.999999999999998,11,0,0.9700000000000004,0,0,0,0,0,0
rule,65,43,6.799999999999999,11,0,0.9100000000000004,1,1,0,0,0,0
rule,66,43,12.5,9,1,0.8600000000000003,1,1,0,0,0,0
rule,67,43,6.599999999999999,11,0,0.9700000000000004,0,0,0,0,0,0
rule,68,43,6.300000000000001,12,0,0.54,0,0,0,0,0,0
rule,69,43,-9.200000000000001,10,0,0.3,0,0,1,8,0,0
rule,70,43,7.099999999999999,14,0,1.0,0,0,0,0,0,0
rule,71,43,7.199999999999999,11,0,0.6800000000000002,0,0,0,0,0,0
rule,72,43,14.099999999999998,11,1,0.52,1,1,0,0,0,0
rule,73,43,5.5,11,0,0.7900000000000003,0,0,0,0,0,0
rule,74,43,1.5,14,0,0.46,0,0,0,0,0,0
rule,75,43,-1.0999999999999996,12,0,0.22999999999999998,0,0,0,0,0,0
rule,76,43,0.1999999999999999,11,0,0.43,0,0,0,0,0,0
rule,77,43,1.1,11,0,0.6000000000000001,0,0,0,0,0,0
rule,78,43,-11.200000000000001,12,0,0.48000000000000004,0,0,1,10,0,0
rule,79,43,-1.2000000000000002,14,0,0.31,0,0,0,0,0,0
rule,80,43,8.4,13,0,0.6600000000000001,0,0,0,0,0,0
rule,81,43,3.0,14,0,0.55,0,0,0,0,0,0
rule,82,43,8.999999999999998,14,0,0.7000000000000002,0,0,0,0,0,0
rule,83,43,0.6000000000000002,10,0,0.21999999999999997,0,0,0,0,0,0
rule,84,43,7.199999999999998,14,0,0.7100000000000002,0,0,0,0,0,0
rule,85,43,5.099999999999999,10,0,0.49000000000000005,0,0,0,0,0,0
rule,86,43,4.7,13,0,0.6800000000000002,0,0,0,0,0,0
rule,87,43,3.7999999999999994,11,0,0.5900000000000001,0,0,0,0,0,0
rule,88,43,13.0,10,1,0.5900000000000001,1,1,0,0,0,0
rule,89,43,-11.9,13,0,0.5800000000000001,0,0,1,11,0,0
rule,90,43,1.6999999999999997,14,0,0.6300000000000001,0,0,0,0,0,0
rule,91,43,-8.5,12,0,1.0,0,0,1,10,0,0
rule,92,43,4.6,10,0,0.7400000000000002,0,0,0,0,0,0
rule,93,43,8.5,14,0,1.0,0,0,0,0,0,0
rule,94,43,7.299999999999999,12,0,0.45,0,0,0,0,0,0
rule,95,43,3.1,10,0,0.56,0,0,0,0,0,0
rule,96,43,0.8000000000000002,13,0,0.26999999999999996,0,0,0,0,0,0
rule,97,43,5.999999999999999,10,0,0.9900000000000002,0,0,0,0,0,0
rule,98,43,3.6,13,0,0.25,0,0,0,0,0,0
rule,99,43,4.199999999999999,11,0,0.5700000000000001,0,0,0,0,0,0
text_trained_ppo,0,43,4.699999999999999,11,0,0.7300000000000002,0,0,0,0,0,0
text_trained_ppo,1,43,1.4,13,0,0.53,0,0,0,0,0,0
text_trained_ppo,2,43,8.500000000000002,10,0,0.9300000000000004,0,0,0,0,0,0
text_trained_ppo,3,43,7.099999999999999,14,0,0.6700000000000002,0,0,0,0,0,0
text_trained_ppo,4,43,5.8999999999999995,13,0,0.8100000000000003,0,0,0,0,0,0
text_trained_ppo,5,43,12.799999999999999,13,0,0.8300000000000003,0,0,0,0,0,0
text_trained_ppo,6,43,5.700000000000001,13,0,0.71,0,0,0,0,0,0
text_trained_ppo,7,43,9.5,12,0,0.7100000000000002,0,0,0,0,0,0
text_trained_ppo,8,43,2.7,12,0,0.56,0,0,0,0,0,0
text_trained_ppo,9,43,6.599999999999999,12,0,1.0,0,0,0,0,0,0
text_trained_ppo,10,43,-13.6,14,0,0.56,0,0,0,12,0,0
text_trained_ppo,11,43,14.1,11,1,0.5900000000000001,1,1,0,0,0,1
text_trained_ppo,12,43,0.3999999999999998,13,0,0.5700000000000001,0,0,0,0,0,0
text_trained_ppo,13,43,6.6,10,0,0.44,0,0,0,0,0,0
text_trained_ppo,14,43,6.899999999999999,12,0,0.47000000000000003,0,0,0,0,0,0
text_trained_ppo,15,43,3.0,12,0,0.7300000000000002,0,0,0,0,0,0
text_trained_ppo,16,43,-3.1999999999999997,5,0,0.18,0,0,0,0,0,0
text_trained_ppo,17,43,6.6,14,0,1.0,0,0,0,0,0,0
text_trained_ppo,18,43,2.1,10,0,0.29,0,0,0,0,0,0
text_trained_ppo,19,43,-3.8,10,0,0.7600000000000002,0,0,0,8,0,0
text_trained_ppo,20,43,-10.6,12,0,0.44,0,0,0,10,0,0
text_trained_ppo,21,43,7.199999999999998,14,0,1.0,0,0,0,0,0,0
text_trained_ppo,22,43,6.299999999999999,13,0,0.6300000000000001,0,0,0,0,0,0
text_trained_ppo,23,43,0.8000000000000002,10,0,0.6700000000000002,0,0,0,0,0,0
text_trained_ppo,24,43,6.299999999999999,12,0,0.53,0,0,0,0,0,0
text_trained_ppo,25,43,0.10000000000000003,14,0,0.39,0,0,0,0,0,0
text_trained_ppo,26,43,13.7,10,1,0.7500000000000002,1,1,0,0,0,0
text_trained_ppo,27,43,8.7,11,0,0.8100000000000003,0,0,0,0,0,0
text_trained_ppo,28,43,9.899999999999999,11,0,0.7200000000000002,0,0,0,0,0,0
text_trained_ppo,29,43,4.3999999999999995,10,0,0.6100000000000001,0,0,0,0,0,0
text_trained_ppo,30,43,-9.3,11,0,0.7900000000000003,0,0,0,9,0,0
text_trained_ppo,31,43,-9.999999999999998,14,0,0.6500000000000001,0,0,0,12,0,0
text_trained_ppo,32,43,2.0,14,0,0.51,0,0,0,0,0,0
text_trained_ppo,33,43,-3.4,12,0,0.18,0,0,0,0,0,0
text_trained_ppo,34,43,-14.200000000000001,14,0,0.57,0,0,0,12,0,0
text_trained_ppo,35,43,10.2,11,0,0.9500000000000004,0,0,0,0,0,0
text_trained_ppo,36,43,4.0,12,0,0.41000000000000003,0,0,0,0,0,0
text_trained_ppo,37,43,13.299999999999999,9,1,0.7100000000000002,1,1,0,0,0,0
text_trained_ppo,38,43,1.2000000000000002,10,0,0.54,0,0,0,0,0,0
text_trained_ppo,39,43,2.5000000000000004,10,0,0.53,0,0,0,0,0,0
text_trained_ppo,40,43,0.39999999999999986,13,0,0.5,0,0,0,0,0,0
text_trained_ppo,41,43,6.899999999999999,11,0,0.8800000000000003,0,0,0,0,0,0
text_trained_ppo,42,43,3.9,11,0,0.21999999999999997,0,0,0,0,0,0
text_trained_ppo,43,43,3.0,12,0,0.8700000000000001,0,0,0,0,0,0
text_trained_ppo,44,43,13.0,12,1,1.0,1,1,0,0,0,0
text_trained_ppo,45,43,14.0,8,1,0.8600000000000003,1,1,0,0,0,0
text_trained_ppo,46,43,-9.799999999999999,9,0,0.16999999999999998,0,0,0,7,0,0
text_trained_ppo,47,43,1.3000000000000003,9,0,0.16999999999999998,0,0,0,0,0,0
text_trained_ppo,48,43,6.300000000000001,10,0,0.7000000000000002,0,0,0,0,0,0
text_trained_ppo,49,43,2.6999999999999997,13,0,0.6500000000000001,0,0,0,0,0,0
text_trained_ppo,50,43,5.299999999999999,12,0,0.38,0,0,0,0,0,0
text_trained_ppo,51,43,11.700000000000003,14,0,0.8200000000000003,0,0,0,0,0,0
text_trained_ppo,52,43,-7.3999999999999995,13,0,1.0,0,0,0,11,0,0
text_trained_ppo,53,43,5.8999999999999995,13,0,1.0,0,0,0,0,0,0
text_trained_ppo,54,43,6.599999999999999,10,0,1.0,0,0,0,0,0,0
text_trained_ppo,55,43,5.9,14,0,0.53,0,0,0,0,0,0
text_trained_ppo,56,43,6.899999999999999,14,0,1.0,0,0,0,0,0,0
text_trained_ppo,57,43,-12.200000000000001,12,0,0.43,0,0,0,10,0,0
text_trained_ppo,58,43,3.0,10,0,0.5699999999999998,0,0,0,0,0,0
text_trained_ppo,59,43,3.1,12,0,0.6100000000000001,0,0,0,0,0,0
text_trained_ppo,60,43,17.299999999999997,11,1,0.9200000000000004,1,1,0,0,0,1
text_trained_ppo,61,43,8.8,14,0,0.5800000000000001,0,0,0,0,0,0
text_trained_ppo,62,43,11.8,13,0,0.7600000000000002,0,0,0,0,0,0
text_trained_ppo,63,43,6.599999999999999,10,0,1.0,0,0,0,0,0,0
text_trained_ppo,64,43,11.2,8,1,0.6900000000000002,1,1,0,0,0,0
text_trained_ppo,65,43,6.4,11,0,0.7700000000000002,0,0,0,0,0,0
text_trained_ppo,66,43,13.7,8,1,0.7900000000000003,1,1,0,0,0,0
text_trained_ppo,67,43,6.599999999999999,11,0,0.9700000000000004,0,0,0,0,0,0
text_trained_ppo,68,43,10.999999999999998,12,0,0.6800000000000002,0,0,0,0,0,0
text_trained_ppo,69,43,-9.200000000000001,10,0,0.3,0,0,0,8,0,0
text_trained_ppo,70,43,7.099999999999999,14,0,1.0,0,0,0,0,0,0
text_trained_ppo,71,43,6.199999999999999,11,0,0.6100000000000001,0,0,0,0,0,0
text_trained_ppo,72,43,9.4,13,0,0.52,0,0,0,0,0,0
text_trained_ppo,73,43,8.899999999999999,11,0,0.7900000000000003,0,0,0,0,0,0
text_trained_ppo,74,43,0.8000000000000002,10,0,0.18,0,0,0,0,0,0
text_trained_ppo,75,43,-1.0999999999999996,12,0,0.22999999999999998,0,0,0,0,0,0
text_trained_ppo,76,43,0.1999999999999999,11,0,0.43,0,0,0,0,0,0
text_trained_ppo,77,43,1.1,11,0,0.6000000000000001,0,0,0,0,0,0
text_trained_ppo,78,43,-11.200000000000001,12,0,0.48000000000000004,0,0,0,10,0,0
text_trained_ppo,79,43,-1.2000000000000002,14,0,0.31,0,0,0,0,0,0
text_trained_ppo,80,43,8.299999999999999,13,0,0.38,0,0,0,0,0,0
text_trained_ppo,81,43,3.0,14,0,0.55,0,0,0,0,0,0
text_trained_ppo,82,43,7.4,14,0,0.56,0,0,0,0,0,0
text_trained_ppo,83,43,1.7000000000000002,10,0,0.36,0,0,0,0,0,0
text_trained_ppo,84,43,7.499999999999998,14,0,0.5700000000000001,0,0,0,0,0,0
text_trained_ppo,85,43,4.999999999999999,10,0,0.42,0,0,0,0,0,0
text_trained_ppo,86,43,5.199999999999999,13,0,0.6800000000000002,0,0,0,0,0,0
text_trained_ppo,87,43,5.3999999999999995,11,0,0.7300000000000002,0,0,0,0,0,0
text_trained_ppo,88,43,14.3,11,1,0.5900000000000001,1,1,0,0,0,0
text_trained_ppo,89,43,-11.9,13,0,0.5800000000000001,0,0,0,11,0,0
text_trained_ppo,90,43,1.6999999999999997,14,0,0.6300000000000001,0,0,0,0,0,0
text_trained_ppo,91,43,-8.5,12,0,1.0,0,0,0,10,0,0
text_trained_ppo,92,43,7.199999999999999,10,0,0.8800000000000003,0,0,0,0,0,0
text_trained_ppo,93,43,7.199999999999999,14,0,0.6499999999999999,0,0,0,0,0,0
text_trained_ppo,94,43,4.1000000000000005,12,0,0.31,0,0,0,0,0,0
text_trained_ppo,95,43,3.1,10,0,0.56,0,0,0,0,0,0
text_trained_ppo,96,43,3.4,12,0,0.19999999999999996,0,0,0,0,0,0
text_trained_ppo,97,43,5.999999999999999,10,0,0.9900000000000002,0,0,0,0,0,0
text_trained_ppo,98,43,5.799999999999999,13,0,0.25,0,0,0,0,0,0
text_trained_ppo,99,43,4.199999999999999,11,0,0.5700000000000001,0,0,0,0,0,0
prior_voice_ppo,0,43,4.799999999999999,11,0,0.7300000000000002,0,0,0,0,0,0
prior_voice_ppo,1,43,1.5,13,0,0.53,0,0,0,0,0,0
prior_voice_ppo,2,43,8.600000000000001,10,0,0.9300000000000004,0,0,0,0,0,0
prior_voice_ppo,3,43,7.199999999999999,14,0,0.6700000000000002,0,0,0,0,0,0
prior_voice_ppo,4,43,5.999999999999999,13,0,0.8100000000000003,0,0,0,0,0,0
prior_voice_ppo,5,43,12.899999999999999,13,0,0.8300000000000003,0,0,0,0,0,0
prior_voice_ppo,6,43,5.800000000000001,13,0,0.71,0,0,0,0,0,0
prior_voice_ppo,7,43,9.6,12,0,0.7100000000000002,0,0,0,0,0,0
prior_voice_ppo,8,43,2.8,12,0,0.56,0,0,0,0,0,0
prior_voice_ppo,9,43,6.699999999999998,12,0,1.0,0,0,0,0,0,0
prior_voice_ppo,10,43,-1.5,14,0,0.56,0,0,0,0,0,0
prior_voice_ppo,11,43,14.2,11,1,0.5900000000000001,1,1,0,0,0,1
prior_voice_ppo,12,43,0.4999999999999999,13,0,0.5700000000000001,0,0,0,0,0,0
prior_voice_ppo,13,43,7.999999999999998,10,0,0.51,0,0,0,0,0,0
prior_voice_ppo,14,43,6.999999999999999,12,0,0.47000000000000003,0,0,0,0,0,0
prior_voice_ppo,15,43,3.1,12,0,0.7300000000000002,0,0,0,0,0,0
prior_voice_ppo,16,43,-3.1,5,0,0.18,0,0,0,0,0,0
prior_voice_ppo,17,43,6.699999999999999,14,0,1.0,0,0,0,0,0,0
prior_voice_ppo,18,43,2.2,10,0,0.29,0,0,0,0,0,0
prior_voice_ppo,19,43,4.299999999999999,10,0,0.7600000000000002,0,0,0,0,0,0
prior_voice_ppo,20,43,-0.5000000000000001,12,0,0.44,0,0,0,0,0,0
prior_voice_ppo,21,43,6.399999999999999,14,0,1.0,0,0,0,0,0,0
prior_voice_ppo,22,43,6.399999999999999,13,0,0.6300000000000001,0,0,0,0,0,0
prior_voice_ppo,23,43,0.9000000000000002,10,0,0.6700000000000002,0,0,0,0,0,0
prior_voice_ppo,24,43,6.399999999999999,12,0,0.53,0,0,0,0,0,0
prior_voice_ppo,25,43,0.1999999999999999,14,0,0.39,0,0,0,0,0,0
prior_voice_ppo,26,43,14.3,10,1,0.7500000000000002,1,1,0,0,0,0
prior_voice_ppo,27,43,10.400000000000002,11,0,0.8800000000000001,0,0,0,0,0,0
prior_voice_ppo,28,43,9.999999999999998,11,0,0.7200000000000002,0,0,0,0,0,0
prior_voice_ppo,29,43,5.0,10,0,0.6100000000000001,0,0,0,0,0,0
prior_voice_ppo,30,43,4.8999999999999995,11,0,1.0,0,0,0,0,0,0
prior_voice_ppo,31,43,2.1,14,0,0.6500000000000001,0,0,0,0,0,0
prior_voice_ppo,32,43,2.0999999999999996,14,0,0.51,0,0,0,0,0,0
prior_voice_ppo,33,43,-3.3000000000000003,12,0,0.18,0,0,0,0,0,0
prior_voice_ppo,34,43,-2.1,14,0,0.57,0,0,0,0,0,0
prior_voice_ppo,35,43,10.299999999999999,11,0,0.9500000000000004,0,0,0,0,0,0
prior_voice_ppo,36,43,4.1,12,0,0.41000000000000003,0,0,0,0,0,0
prior_voice_ppo,37,43,13.399999999999999,9,1,0.7100000000000002,1,1,0,0,0,0
prior_voice_ppo,38,43,1.2999999999999998,10,0,0.54,0,0,0,0,0,0
prior_voice_ppo,39,43,2.6,10,0,0.53,0,0,0,0,0,0
prior_voice_ppo,40,43,0.49999999999999994,13,0,0.5,0,0,0,0,0,0
prior_voice_ppo,41,43,6.699999999999998,11,0,0.8800000000000003,0,0,0,0,0,0
prior_voice_ppo,42,43,3.9999999999999996,11,0,0.21999999999999997,0,0,0,0,0,0
prior_voice_ppo,43,43,3.1,12,0,0.8700000000000001,0,0,0,0,0,0
prior_voice_ppo,44,43,13.1,12,1,1.0,1,1,0,0,0,0
prior_voice_ppo,45,43,14.1,8,1,0.8600000000000003,1,1,0,0,0,0
prior_voice_ppo,46,43,-2.6999999999999997,9,0,0.16999999999999998,0,0,0,0,0,0
prior_voice_ppo,47,43,1.4,9,0,0.16999999999999998,0,0,0,0,0,0
prior_voice_ppo,48,43,6.4,10,0,0.7000000000000002,0,0,0,0,0,0
prior_voice_ppo,49,43,2.7999999999999994,13,0,0.6500000000000001,0,0,0,0,0,0
prior_voice_ppo,50,43,5.4,12,0,0.38,0,0,0,0,0,0
prior_voice_ppo,51,43,11.800000000000002,14,0,0.8200000000000003,0,0,0,0,0,0
prior_voice_ppo,52,43,3.6999999999999997,13,0,1.0,0,0,0,0,0,0
prior_voice_ppo,53,43,6.999999999999998,13,0,1.0,0,0,0,0,0,0
prior_voice_ppo,54,43,6.699999999999998,10,0,1.0,0,0,0,0,0,0
prior_voice_ppo,55,43,6.0,14,0,0.53,0,0,0,0,0,0
prior_voice_ppo,56,43,6.999999999999998,14,0,1.0,0,0,0,0,0,0
prior_voice_ppo,57,43,-2.1,12,0,0.43,0,0,0,0,0,0
prior_voice_ppo,58,43,4.7,10,0,0.6399999999999999,0,0,0,0,0,0
prior_voice_ppo,59,43,3.1999999999999997,12,0,0.6100000000000001,0,0,0,0,0,0
prior_voice_ppo,60,43,17.4,11,1,0.9200000000000004,1,1,0,0,0,1
prior_voice_ppo,61,43,8.9,14,0,0.5800000000000001,0,0,0,0,0,0
prior_voice_ppo,62,43,11.9,13,0,0.7600000000000002,0,0,0,0,0,0
prior_voice_ppo,63,43,6.699999999999998,10,0,1.0,0,0,0,0,0,0
prior_voice_ppo,64,43,11.299999999999999,8,1,0.6900000000000002,1,1,0,0,0,0
prior_voice_ppo,65,43,6.5,11,0,0.7700000000000002,0,0,0,0,0,0
prior_voice_ppo,66,43,13.8,8,1,0.7900000000000003,1,1,0,0,0,0
prior_voice_ppo,67,43,6.699999999999999,11,0,0.9700000000000004,0,0,0,0,0,0
prior_voice_ppo,68,43,11.099999999999998,12,0,0.6800000000000002,0,0,0,0,0,0
prior_voice_ppo,69,43,-1.1,10,0,0.3,0,0,0,0,0,0
prior_voice_ppo,70,43,8.5,14,0,1.0,0,0,0,0,0,0
prior_voice_ppo,71,43,3.6,11,0,0.47000000000000003,0,0,0,0,0,0
prior_voice_ppo,72,43,9.7,13,0,0.45,0,0,0,0,0,0
prior_voice_ppo,73,43,8.999999999999998,11,0,0.7900000000000003,0,0,0,0,0,0
prior_voice_ppo,74,43,0.9000000000000002,10,0,0.18,0,0,0,0,0,0
prior_voice_ppo,75,43,-0.9999999999999992,12,0,0.22999999999999998,0,0,0,0,0,0
prior_voice_ppo,76,43,0.3,11,0,0.43,0,0,0,0,0,0
prior_voice_ppo,77,43,1.1999999999999997,11,0,0.6000000000000001,0,0,0,0,0,0
prior_voice_ppo,78,43,-1.1,12,0,0.48000000000000004,0,0,0,0,0,0
prior_voice_ppo,79,43,-1.1,14,0,0.31,0,0,0,0,0,0
prior_voice_ppo,80,43,6.299999999999998,13,0,0.31,0,0,0,0,0,0
prior_voice_ppo,81,43,3.1,14,0,0.55,0,0,0,0,0,0
prior_voice_ppo,82,43,7.8999999999999995,14,0,0.42,0,0,0,0,0,0
prior_voice_ppo,83,43,1.8000000000000003,10,0,0.36,0,0,0,0,0,0
prior_voice_ppo,84,43,7.599999999999998,14,0,0.5700000000000001,0,0,0,0,0,0
prior_voice_ppo,85,43,5.099999999999999,10,0,0.42,0,0,0,0,0,0
prior_voice_ppo,86,43,5.299999999999999,13,0,0.6800000000000002,0,0,0,0,0,0
prior_voice_ppo,87,43,5.499999999999999,11,0,0.7300000000000002,0,0,0,0,0,0
prior_voice_ppo,88,43,14.399999999999999,11,1,0.5900000000000001,1,1,0,0,0,0
prior_voice_ppo,89,43,-0.8000000000000002,13,0,0.5800000000000001,0,0,0,0,0,0
prior_voice_ppo,90,43,1.7999999999999998,14,0,0.6300000000000001,0,0,0,0,0,0
prior_voice_ppo,91,43,1.6,12,0,1.0,0,0,0,0,0,0
prior_voice_ppo,92,43,7.299999999999999,10,0,0.8800000000000003,0,0,0,0,0,0
prior_voice_ppo,93,43,7.299999999999999,14,0,0.6499999999999999,0,0,0,0,0,0
prior_voice_ppo,94,43,4.2,12,0,0.31,0,0,0,0,0,0
prior_voice_ppo,95,43,3.2,10,0,0.56,0,0,0,0,0,0
prior_voice_ppo,96,43,3.4999999999999996,12,0,0.19999999999999996,0,0,0,0,0,0
prior_voice_ppo,97,43,6.1,10,0,0.9900000000000002,0,0,0,0,0,0
prior_voice_ppo,98,43,5.899999999999999,13,0,0.25,0,0,0,0,0,0
prior_voice_ppo,99,43,4.3,11,0,0.5700000000000001,0,0,0,0,0,0
voice_ppo,0,44,3.6999999999999997,13,0,0.49999999999999983,0,0,0,0,0,0
voice_ppo,1,44,8.499999999999998,12,0,0.8900000000000003,0,0,0,0,0,0
voice_ppo,2,44,0.5,13,0,0.44,0,0,0,0,0,0
voice_ppo,3,44,-3.6999999999999997,14,0,0.2899999999999998,0,0,0,0,0,0
voice_ppo,4,44,7.8,12,0,0.7800000000000002,1,1,0,0,0,0
voice_ppo,5,44,6.999999999999998,12,0,1.0,0,0,0,0,0,0
voice_ppo,6,44,2.9,10,0,0.44,0,0,0,0,0,0
voice_ppo,7,44,5.499999999999999,11,0,1.0,0,0,0,0,0,0
voice_ppo,8,44,7.6,14,0,0.6200000000000001,0,0,0,0,0,0
voice_ppo,9,44,9.1,12,0,0.9300000000000002,0,0,0,0,0,0
voice_ppo,10,44,8.599999999999998,12,0,0.8800000000000001,0,0,0,0,0,0
voice_ppo,11,44,6.3,12,0,0.47000000000000003,0,0,0,0,0,0
voice_ppo,12,44,-3.1,14,0,0.52,0,0,0,0,0,0
voice_ppo,13,44,5.0,12,0,0.6499999999999999,0,0,0,0,0,0
voice_ppo,14,44,15.7,10,1,0.8800000000000003,1,1,0,0,0,0
voice_ppo,15,44,2.5,13,0,1.0,0,0,0,0,0,0
voice_ppo,16,44,8.7,14,0,0.6700000000000002,0,0,0,0,0,0
voice_ppo,17,44,-0.09999999999999998,14,0,0.16999999999999998,0,0,0,0,0,0
voice_ppo,18,44,5.699999999999999,11,0,0.49,0,0,0,0,0,0
voice_ppo,19,44,13.5,10,1,0.7500000000000002,2,1,0,0,0,0
voice_ppo,20,44,9.299999999999999,10,0,0.8600000000000003,0,0,0,0,0,0
voice_ppo,21,44,9.9,10,0,0.6700000000000002,0,0,0,0,0,0
voice_ppo,22,44,0.6,11,0,0.49000000000000005,0,0,0,0,0,0
voice_ppo,23,44,11.399999999999999,13,0,1.0,0,0,0,0,0,0
voice_ppo,24,44,8.2,12,0,0.8500000000000001,0,0,0,0,0,0
voice_ppo,25,44,3.1999999999999997,11,0,0.55,0,0,0,0,0,0
voice_ppo,26,44,15.2,11,1,0.9500000000000004,1,1,0,0,0,0
voice_ppo,27,44,2.8000000000000003,14,0,0.44,0,0,0,0,0,0
voice_ppo,28,44,3.1999999999999997,11,0,0.6100000000000001,0,0,0,0,0,0
voice_ppo,29,44,6.999999999999998,11,0,0.9200000000000004,0,0,0,0,0,0
voice_ppo,30,44,8.1,12,0,0.73,0,0,0,0,0,0
voice_ppo,31,44,8.8,10,0,0.8800000000000003,0,0,0,0,0,0
voice_ppo,32,44,2.5,13,0,0.46,0,0,0,0,0,0
voice_ppo,33,44,5.099999999999999,12,0,0.38,0,0,0,0,0,0
voice_ppo,34,44,4.799999999999999,10,0,0.43,0,0,0,0,0,0
voice_ppo,35,44,-3.1,14,0,0.53,0,0,0,0,0,0
voice_ppo,36,44,1.2999999999999998,10,0,0.5,0,0,0,0,0,0
voice_ppo,37,44,7.899999999999999,14,0,1.0,0,0,0,0,0,0
voice_ppo,38,44,13.6,9,1,0.7900000000000003,1,1,0,0,0,0
voice_ppo,39,44,-0.09999999999999987,10,0,0.16999999999999998,0,0,0,0,0,0
voice_ppo,40,44,0.9000000000000002,13,0,0.46,0,0,0,0,0,0
voice_ppo,41,44,9.2,13,0,0.7800000000000002,0,0,0,0,0,0
voice_ppo,42,44,2.2,13,0,1.0,0,0,0,0,0,0
voice_ppo,43,44,10.7,11,0,0.9000000000000004,0,0,0,0,0,0
voice_ppo,44,44,5.199999999999999,10,0,1.0,0,0,0,0,0,0
voice_ppo,45,44,9.099999999999998,13,0,0.7900000000000003,0,0,0,0,0,0
voice_ppo,46,44,12.200000000000001,14,0,1.0,0,0,0,0,0,0
voice_ppo,47,44,0.2,13,0,0.53,0,0,0,0,0,0
voice_ppo,48,44,6.999999999999999,10,0,0.7500000000000002,0,0,0,0,0,0
voice_ppo,49,44,-0.09999999999999976,10,0,0.21999999999999997,0,0,0,0,0,0
voice_ppo,50,44,13.899999999999999,10,1,0.7800000000000002,1,1,0,0,0,0
voice_ppo,51,44,14.0,14,0,0.7900000000000003,0,0,0,0,0,0
voice_ppo,52,44,8.499999999999998,14,0,1.0,0,0,0,0,0,0
voice_ppo,53,44,3.3999999999999995,10,0,0.37,0,0,0,0,0,0
voice_ppo,54,44,6.899999999999999,12,0,0.54,0,0,0,0,0,0
voice_ppo,55,44,1.2000000000000002,11,0,0.71,0,0,0,0,0,0
voice_ppo,56,44,4.6,11,0,0.39,0,0,0,0,0,0
voice_ppo,57,44,5.299999999999999,11,0,0.42,0,0,0,0,0,0
voice_ppo,58,44,3.999999999999999,10,0,1.0,0,0,0,0,0,0
voice_ppo,59,44,8.499999999999998,13,0,1.0,0,0,0,0,0,0
voice_ppo,60,44,8.1,13,0,0.6900000000000002,0,0,0,0,0,0
voice_ppo,61,44,-1.0,10,0,0.35000000000000003,0,0,0,0,0,0
voice_ppo,62,44,6.199999999999998,13,0,0.53,0,0,0,0,0,0
voice_ppo,63,44,7.899999999999998,13,0,1.0,0,0,0,0,0,0
voice_ppo,64,44,12.399999999999999,7,1,0.9300000000000002,1,1,0,0,0,0
voice_ppo,65,44,-0.6,12,0,0.21999999999999997,0,0,0,0,0,0
voice_ppo,66,44,-2.6999999999999997,8,0,0.19,0,0,0,0,0,0
voice_ppo,67,44,9.999999999999998,11,0,0.8500000000000001,0,0,0,0,0,0
voice_ppo,68,44,3.0,13,0,1.0,0,0,0,0,0,0
voice_ppo,69,44,2.2000000000000006,10,0,0.26,0,0,0,0,0,0
voice_ppo,70,44,9.399999999999999,11,0,0.8700000000000003,0,0,0,0,0,0
voice_ppo,71,44,3.5,11,0,0.6300000000000001,0,0,0,0,0,0
voice_ppo,72,44,7.299999999999998,12,0,1.0,0,0,0,0,0,0
voice_ppo,73,44,10.8,13,0,1.0,0,0,0,0,0,0
voice_ppo,74,44,6.1,12,0,0.8700000000000001,0,0,0,0,0,0
voice_ppo,75,44,6.299999999999998,14,0,0.7900000000000003,0,0,0,0,0,0
voice_ppo,76,44,1.5,12,0,0.6700000000000002,0,0,0,0,0,0
voice_ppo,77,44,5.3999999999999995,12,0,0.8800000000000003,0,0,0,0,0,0
voice_ppo,78,44,-1.4999999999999996,6,0,0.2,0,0,0,0,0,0
voice_ppo,79,44,7.599999999999998,12,0,0.9700000000000004,0,0,0,0,0,0
voice_ppo,80,44,7.499999999999999,12,0,0.9800000000000004,0,0,0,0,0,0
voice_ppo,81,44,-2.1,13,0,0.57,0,0,0,0,0,0
voice_ppo,82,44,3.099999999999999,14,0,0.6400000000000001,0,0,0,0,0,0
voice_ppo,83,44,11.9,13,0,0.7200000000000002,0,0,0,0,0,0
voice_ppo,84,44,11.500000000000002,14,0,0.6600000000000001,0,0,0,0,0,0
voice_ppo,85,44,5.399999999999999,13,0,0.6100000000000001,0,0,0,0,0,0
voice_ppo,86,44,7.299999999999998,11,0,0.9600000000000004,0,0,0,0,0,0
voice_ppo,87,44,6.099999999999999,13,0,1.0,0,0,0,0,0,0
voice_ppo,88,44,4.8999999999999995,13,0,0.37,0,0,0,0,0,0
voice_ppo,89,44,1.7999999999999998,14,0,0.45,0,0,0,0,0,0
voice_ppo,90,44,-3.9999999999999996,7,0,0.20999999999999996,0,0,0,0,0,0
voice_ppo,91,44,2.9,10,0,0.51,0,0,0,0,0,0
voice_ppo,92,44,0.8999999999999999,11,0,0.44,0,0,0,0,0,0
voice_ppo,93,44,2.8,12,0,0.8,0,0,0,0,0,0
voice_ppo,94,44,5.8,14,0,1.0,0,0,0,0,0,0
voice_ppo,95,44,3.1999999999999997,11,0,0.44,0,0,0,0,0,0
voice_ppo,96,44,6.999999999999999,12,0,1.0,0,0,0,0,0,0
voice_ppo,97,44,7.3,12,0,0.6200000000000001,0,0,0,0,0,0
voice_ppo,98,44,6.5,13,0,0.39,0,0,0,0,0,0
voice_ppo,99,44,-0.09999999999999998,13,0,0.33999999999999997,0,0,0,0,0,0
rule,0,44,6.299999999999999,13,0,0.71,0,0,0,0,0,0
rule,1,44,8.399999999999999,12,0,0.8900000000000003,0,0,0,0,0,0
rule,2,44,0.3999999999999999,13,0,0.44,0,0,0,0,0,0
rule,3,44,-3.7999999999999994,14,0,0.2899999999999998,0,0,0,0,0,0
rule,4,44,3.9000000000000004,12,0,0.5,0,0,0,0,0,0
rule,5,44,6.499999999999999,12,0,1.0,0,0,0,0,0,0
rule,6,44,2.8000000000000003,10,0,0.44,0,0,0,0,0,0
rule,7,44,5.3999999999999995,11,0,1.0,0,0,0,0,0,0
rule,8,44,7.3999999999999995,14,0,0.7600000000000002,0,0,0,0,0,0
rule,9,44,9.0,12,0,0.9300000000000002,0,0,0,0,0,0
rule,10,44,7.999999999999998,12,0,0.8800000000000001,0,0,0,0,0,0
rule,11,44,5.599999999999999,12,0,0.54,0,0,0,0,0,0
rule,12,44,-15.200000000000001,14,0,0.52,0,0,1,12,0,0
rule,13,44,8.399999999999999,12,0,0.8600000000000001,0,0,0,0,0,0
rule,14,44,16.5,12,1,0.8800000000000003,1,1,0,0,0,1
rule,15,44,-11.299999999999999,13,0,0.6200000000000001,0,0,1,11,0,0
rule,16,44,15.7,12,1,0.8800000000000003,1,1,0,0,0,0
rule,17,44,-0.19999999999999984,14,0,0.16999999999999998,0,0,0,0,0,0
rule,18,44,4.599999999999999,11,0,0.49,0,0,0,0,0,0
rule,19,44,9.7,13,0,0.6800000000000002,0,0,0,0,0,0
rule,20,44,7.699999999999998,10,0,0.7900000000000003,0,0,0,0,0,0
rule,21,44,7.799999999999999,10,0,0.6700000000000002,0,0,0,0,0,0
rule,22,44,0.5000000000000001,11,0,0.49000000000000005,0,0,0,0,0,0
rule,23,44,12.7,8,1,0.8800000000000003,1,1,0,0,0,0
rule,24,44,7.899999999999999,12,0,0.8500000000000001,0,0,0,0,0,0
rule,25,44,3.1,11,0,0.55,0,0,0,0,0,0
rule,26,44,8.2,13,0,0.9500000000000004,1,1,0,0,0,0
rule,27,44,2.7,14,0,0.44,0,0,0,0,0,0
rule,28,44,3.0999999999999996,11,0,0.6100000000000001,0,0,0,0,0,0
rule,29,44,6.899999999999999,11,0,0.9200000000000004,0,0,0,0,0,0
rule,30,44,10.4,12,0,0.9400000000000002,0,0,0,0,0,0
rule,31,44,8.299999999999999,10,0,0.8100000000000003,0,0,0,0,0,0
rule,32,44,2.4,13,0,0.46,0,0,0,0,0,0
rule,33,44,7.8,12,0,0.6600000000000001,0,0,0,0,0,0
rule,34,44,4.1,10,0,0.5700000000000001,0,0,0,0,0,0
rule,35,44,-15.200000000000001,14,0,0.53,0,0,1,12,0,0
rule,36,44,1.2,10,0,0.5,0,0,0,0,0,0
rule,37,44,7.799999999999998,14,0,1.0,0,0,0,0,0,0
rule,38,44,13.299999999999999,10,1,0.7900000000000003,1,1,0,0,0,0
rule,39,44,5.799999999999999,12,0,0.6600000000000001,0,0,0,0,0,0
rule,40,44,0.8000000000000002,13,0,0.46,0,0,0,0,0,0
rule,41,44,8.1,13,0,0.7800000000000002,0,0,0,0,0,0
rule,42,44,-8.9,13,0,1.0,0,0,1,11,0,0
rule,43,44,12.5,8,1,0.9000000000000004,1,1,0,0,0,0
rule,44,44,5.1,10,0,1.0,0,0,0,0,0,0
rule,45,44,8.699999999999998,13,0,0.7900000000000003,0,0,0,0,0,0
rule,46,44,13.5,10,1,0.9500000000000004,1,1,0,0,0,0
rule,47,44,0.10000000000000014,13,0,0.53,0,0,0,0,0,0
rule,48,44,6.8999999999999995,10,0,0.7500000000000002,0,0,0,0,0,0
rule,49,44,3.5,11,0,0.7100000000000002,0,0,0,0,0,0
rule,50,44,13.799999999999999,10,1,0.7800000000000002,1,1,0,0,0,0
rule,51,44,14.7,12,1,0.6500000000000001,1,1,0,0,0,0
rule,52,44,8.399999999999999,14,0,1.0,0,0,0,0,0,0
rule,53,44,2.8000000000000003,10,0,0.37,0,0,0,0,0,0
rule,54,44,-0.6999999999999998,11,0,0.18999999999999995,0,0,0,0,0,0
rule,55,44,1.1,11,0,0.71,0,0,0,0,0,0
rule,56,44,11.399999999999999,7,1,0.6700000000000002,1,1,0,0,0,0
rule,57,44,4.2,11,0,0.7000000000000002,0,0,0,0,0,0
rule,58,44,-4.1,10,0,1.0,0,0,1,8,0,0
rule,59,44,8.699999999999998,13,0,1.0,0,0,0,0,0,0
rule,60,44,5.8,13,0,0.6200000000000001,0,0,0,0,0,0
rule,61,44,-1.0999999999999996,10,0,0.35000000000000003,0,0,0,0,0,0
rule,62,44,8.599999999999998,13,0,0.7400000000000002,0,0,0,0,0,0
rule,63,44,7.799999999999998,13,0,1.0,0,0,0,0,0,0
rule,64,44,12.3,7,1,0.9300000000000002,1,1,0,0,0,0
rule,65,44,5.5,12,0,0.5700000000000001,0,0,0,0,0,0
rule,66,44,-8.799999999999999,8,0,0.19,0,0,1,6,0,0
rule,67,44,3.6999999999999997,11,0,0.5699999999999998,0,0,0,0,0,0
rule,68,44,-8.1,13,0,1.0,0,0,1,11,0,0
rule,69,44,0.4,10,0,0.26,0,0,0,0,0,0
rule,70,44,8.3,11,0,0.8000000000000003,0,0,0,0,0,0
rule,71,44,3.4000000000000004,11,0,0.6300000000000001,0,0,0,0,0,0
rule,72,44,7.199999999999998,12,0,1.0,0,0,0,0,0,0
rule,73,44,7.8999999999999995,13,0,1.0,0,0,0,0,0,0
rule,74,44,4.699999999999999,12,0,0.8,0,0,0,0,0,0
rule,75,44,5.299999999999999,14,0,0.6500000000000001,0,0,0,0,0,0
rule,76,44,1.4,12,0,0.6700000000000002,0,0,0,0,0,0
rule,77,44,5.299999999999999,12,0,0.8800000000000003,0,0,0,0,0,0
rule,78,44,-1.6,6,0,0.2,0,0,0,0,0,0
rule,79,44,7.499999999999998,12,0,0.9700000000000004,0,0,0,0,0,0
rule,80,44,5.199999999999999,12,0,0.7700000000000002,0,0,0,0,0,0
rule,81,44,-13.200000000000001,13,0,0.57,0,0,1,11,0,0
rule,82,44,2.999999999999999,14,0,0.6400000000000001,0,0,0,0,0,0
rule,83,44,7.4,13,0,0.7200000000000002,0,0,0,0,0,0
rule,84,44,9.799999999999999,14,0,0.7300000000000002,0,0,0,0,0,0
rule,85,44,5.299999999999999,13,0,0.6100000000000001,0,0,0,0,0,0
rule,86,44,7.499999999999998,11,0,0.8900000000000003,0,0,0,0,0,0
rule,87,44,5.999999999999999,13,0,1.0,0,0,0,0,0,0
rule,88,44,3.4,13,0,0.44,0,0,0,0,0,0
rule,89,44,1.7000000000000002,14,0,0.45,0,0,0,0,0,0
rule,90,44,-9.1,7,0,0.20999999999999996,0,0,1,5,0,0
rule,91,44,2.8000000000000003,10,0,0.51,0,0,0,0,0,0
rule,92,44,0.8,11,0,0.44,0,0,0,0,0,0
rule,93,44,2.7,12,0,0.8,0,0,0,0,0,0
rule,94,44,5.699999999999999,14,0,1.0,0,0,0,0,0,0
rule,95,44,3.1,11,0,0.44,0,0,0,0,0,0
rule,96,44,6.8999999999999995,12,0,1.0,0,0,0,0,0,0
rule,97,44,9.4,12,0,0.7600000000000002,0,0,0,0,0,0
rule,98,44,2.9,13,0,0.32,0,0,0,0,0,0
rule,99,44,-0.19999999999999984,13,0,0.33999999999999997,0,0,0,0,0,0
text_trained_ppo,0,44,5.299999999999999,13,0,0.71,0,0,0,0,0,0
text_trained_ppo,1,44,8.399999999999999,12,0,0.8900000000000003,0,0,0,0,0,0
text_trained_ppo,2,44,0.3999999999999999,13,0,0.44,0,0,0,0,0,0
text_trained_ppo,3,44,-3.7999999999999994,14,0,0.2899999999999998,0,0,0,0,0,0
text_trained_ppo,4,44,7.699999999999998,12,0,0.7800000000000002,1,1,0,0,0,0
text_trained_ppo,5,44,6.499999999999999,12,0,1.0,0,0,0,0,0,0
text_trained_ppo,6,44,2.8000000000000003,10,0,0.44,0,0,0,0,0,0
text_trained_ppo,7,44,5.3999999999999995,11,0,1.0,0,0,0,0,0,0
text_trained_ppo,8,44,4.999999999999998,14,0,0.55,0,0,0,0,0,0
text_trained_ppo,9,44,9.0,12,0,0.9300000000000002,0,0,0,0,0,0
text_trained_ppo,10,44,8.499999999999998,12,0,0.8800000000000001,0,0,0,0,0,0
text_trained_ppo,11,44,6.199999999999999,12,0,0.47000000000000003,0,0,0,0,0,0
text_trained_ppo,12,44,-15.200000000000001,14,0,0.52,0,0,0,12,0,0
text_trained_ppo,13,44,7.300000000000001,12,0,0.79,0,0,0,0,0,0
text_trained_ppo,14,44,15.599999999999998,10,1,0.8800000000000003,1,1,0,0,0,0
text_trained_ppo,15,44,-11.299999999999999,13,0,0.6200000000000001,0,0,0,11,0,0
text_trained_ppo,16,44,8.6,14,0,0.6700000000000002,0,0,0,0,0,0
text_trained_ppo,17,44,-0.19999999999999984,14,0,0.16999999999999998,0,0,0,0,0,0
text_trained_ppo,18,44,7.799999999999999,11,0,0.7000000000000002,0,0,0,0,0,0
text_trained_ppo,19,44,13.399999999999999,10,1,0.7500000000000002,2,1,0,0,0,0
text_trained_ppo,20,44,9.2,10,0,0.8600000000000003,0,0,0,0,0,0
text_trained_ppo,21,44,8.299999999999999,10,0,0.6700000000000002,0,0,0,0,0,0
text_trained_ppo,22,44,0.5000000000000001,11,0,0.49000000000000005,0,0,0,0,0,0
text_trained_ppo,23,44,11.299999999999999,13,0,1.0,0,0,0,0,0,0
text_trained_ppo,24,44,6.199999999999999,12,0,0.57,0,0,0,0,0,0
text_trained_ppo,25,44,3.1,11,0,0.55,0,0,0,0,0,0
text_trained_ppo,26,44,14.6,11,1,0.9500000000000004,1,1,0,0,0,0
text_trained_ppo,27,44,2.7,14,0,0.44,0,0,0,0,0,0
text_trained_ppo,28,44,3.0999999999999996,11,0,0.6100000000000001,0,0,0,0,0,0
text_trained_ppo,29,44,6.899999999999999,11,0,0.9200000000000004,0,0,0,0,0,0
text_trained_ppo,30,44,7.999999999999998,12,0,0.73,0,0,0,0,0,0
text_trained_ppo,31,44,8.8,10,0,0.8800000000000003,0,0,0,0,0,0
text_trained_ppo,32,44,2.4,13,0,0.46,0,0,0,0,0,0
text_trained_ppo,33,44,11.5,12,0,0.7300000000000002,0,0,0,0,0,0
text_trained_ppo,34,44,4.699999999999999,10,0,0.43,0,0,0,0,0,0
text_trained_ppo,35,44,-15.200000000000001,14,0,0.53,0,0,0,12,0,0
text_trained_ppo,36,44,1.2,10,0,0.5,0,0,0,0,0,0
text_trained_ppo,37,44,7.799999999999998,14,0,1.0,0,0,0,0,0,0
text_trained_ppo,38,44,13.5,9,1,0.7900000000000003,1,1,0,0,0,0
text_trained_ppo,39,44,3.0000000000000004,12,0,0.31,0,0,0,0,0,0
text_trained_ppo,40,44,0.8000000000000002,13,0,0.46,0,0,0,0,0,0
text_trained_ppo,41,44,13.0,11,1,0.7800000000000002,1,1,0,0,0,0
text_trained_ppo,42,44,-8.9,13,0,1.0,0,0,0,11,0,0
text_trained_ppo,43,44,10.599999999999998,11,0,0.9000000000000004,0,0,0,0,0,0
text_trained_ppo,44,44,5.1,10,0,1.0,0,0,0,0,0,0
text_trained_ppo,45,44,8.699999999999998,13,0,0.7900000000000003,0,0,0,0,0,0
text_trained_ppo,46,44,12.100000000000001,14,0,1.0,0,0,0,0,0,0
text_trained_ppo,47,44,0.10000000000000014,13,0,0.53,0,0,0,0,0,0
text_trained_ppo,48,44,6.8999999999999995,10,0,0.7500000000000002,0,0,0,0,0,0
text_trained_ppo,49,44,-0.19999999999999984,10,0,0.21999999999999997,0,0,0,0,0,0
text_trained_ppo,50,44,13.799999999999999,10,1,0.7800000000000002,1,1,0,0,0,0
text_trained_ppo,51,44,15.7,11,1,0.7200000000000002,1,1,0,0,0,0
text_trained_ppo,52,44,8.399999999999999,14,0,1.0,0,0,0,0,0,0
text_trained_ppo,53,44,3.3,10,0,0.37,0,0,0,0,0,0
text_trained_ppo,54,44,6.799999999999999,12,0,0.54,0,0,0,0,0,0
text_trained_ppo,55,44,1.1,11,0,0.71,0,0,0,0,0,0
text_trained_ppo,56,44,4.499999999999999,11,0,0.39,0,0,0,0,0,0
text_trained_ppo,57,44,5.199999999999999,11,0,0.42,0,0,0,0,0,0
text_trained_ppo,58,44,-4.1,10,0,1.0,0,0,0,8,0,0
text_trained_ppo,59,44,8.699999999999998,13,0,1.0,0,0,0,0,0,0
text_trained_ppo,60,44,7.999999999999999,13,0,0.6900000000000002,0,0,0,0,0,0
text_trained_ppo,61,44,-1.0999999999999996,10,0,0.35000000000000003,0,0,0,0,0,0
text_trained_ppo,62,44,6.099999999999999,13,0,0.53,0,0,0,0,0,0
text_trained_ppo,63,44,7.799999999999998,13,0,1.0,0,0,0,0,0,0
text_trained_ppo,64,44,12.3,7,1,0.9300000000000002,1,1,0,0,0,0
text_trained_ppo,65,44,-0.7000000000000001,12,0,0.21999999999999997,0,0,0,0,0,0
text_trained_ppo,66,44,-8.799999999999999,8,0,0.19,0,0,0,6,0,0
text_trained_ppo,67,44,9.899999999999999,11,0,0.8500000000000001,0,0,0,0,0,0
text_trained_ppo,68,44,-8.1,13,0,1.0,0,0,0,11,0,0
text_trained_ppo,69,44,-0.4,10,0,0.19,0,0,0,0,0,0
text_trained_ppo,70,44,14.0,9,1,0.8700000000000003,1,1,0,0,0,0
text_trained_ppo,71,44,3.4000000000000004,11,0,0.6300000000000001,0,0,0,0,0,0
text_trained_ppo,72,44,7.199999999999998,12,0,1.0,0,0,0,0,0,0
text_trained_ppo,73,44,10.4,13,0,0.9300000000000004,0,0,0,0,0,0
text_trained_ppo,74,44,5.5,12,0,0.8700000000000001,0,0,0,0,0,0
text_trained_ppo,75,44,5.999999999999998,14,0,0.8600000000000003,0,0,0,0,0,0
text_trained_ppo,76,44,1.4,12,0,0.6700000000000002,0,0,0,0,0,0
text_trained_ppo,77,44,5.299999999999999,12,0,0.8800000000000003,0,0,0,0,0,0
text_trained_ppo,78,44,-1.6,6,0,0.2,0,0,0,0,0,0
text_trained_ppo,79,44,7.499999999999998,12,0,0.9700000000000004,0,0,0,0,0,0
text_trained_ppo,80,44,7.3999999999999995,12,0,0.9800000000000004,0,0,0,0,0,0
text_trained_ppo,81,44,-13.200000000000001,13,0,0.57,0,0,0,11,0,0
text_trained_ppo,82,44,2.999999999999999,14,0,0.6400000000000001,0,0,0,0,0,0
text_trained_ppo,83,44,12.399999999999999,13,0,0.8600000000000003,0,0,0,0,0,0
text_trained_ppo,84,44,11.400000000000002,14,0,0.6600000000000001,0,0,0,0,0,0
text_trained_ppo,85,44,5.299999999999999,13,0,0.6100000000000001,0,0,0,0,0,0
text_trained_ppo,86,44,7.499999999999998,11,0,0.8900000000000003,0,0,0,0,0,0
text_trained_ppo,87,44,5.999999999999999,13,0,1.0,0,0,0,0,0,0
text_trained_ppo,88,44,4.8,13,0,0.37,0,0,0,0,0,0
text_trained_ppo,89,44,1.7000000000000002,14,0,0.45,0,0,0,0,0,0
text_trained_ppo,90,44,-9.1,7,0,0.20999999999999996,0,0,0,5,0,0
text_trained_ppo,91,44,2.8000000000000003,10,0,0.51,0,0,0,0,0,0
text_trained_ppo,92,44,0.8,11,0,0.44,0,0,0,0,0,0
text_trained_ppo,93,44,2.7,12,0,0.8,0,0,0,0,0,0
text_trained_ppo,94,44,5.699999999999999,14,0,1.0,0,0,0,0,0,0
text_trained_ppo,95,44,3.1,11,0,0.44,0,0,0,0,0,0
text_trained_ppo,96,44,6.8999999999999995,12,0,1.0,0,0,0,0,0,0
text_trained_ppo,97,44,7.2,12,0,0.6200000000000001,0,0,0,0,0,0
text_trained_ppo,98,44,7.699999999999999,13,0,0.46,0,0,0,0,0,0
text_trained_ppo,99,44,-0.19999999999999984,13,0,0.33999999999999997,0,0,0,0,0,0
prior_voice_ppo,0,44,3.6999999999999997,13,0,0.49999999999999983,0,0,0,0,0,0
prior_voice_ppo,1,44,8.499999999999998,12,0,0.8900000000000003,0,0,0,0,0,0
prior_voice_ppo,2,44,0.5,13,0,0.44,0,0,0,0,0,0
prior_voice_ppo,3,44,-3.6999999999999997,14,0,0.2899999999999998,0,0,0,0,0,0
prior_voice_ppo,4,44,7.8,12,0,0.7800000000000002,1,1,0,0,0,0
prior_voice_ppo,5,44,6.999999999999998,12,0,1.0,0,0,0,0,0,0
prior_voice_ppo,6,44,2.9,10,0,0.44,0,0,0,0,0,0
prior_voice_ppo,7,44,5.499999999999999,11,0,1.0,0,0,0,0,0,0
prior_voice_ppo,8,44,6.099999999999998,14,0,0.55,0,0,0,0,0,0
prior_voice_ppo,9,44,9.1,12,0,0.9300000000000002,0,0,0,0,0,0
prior_voice_ppo,10,44,8.599999999999998,12,0,0.8800000000000001,0,0,0,0,0,0
prior_voice_ppo,11,44,6.3,12,0,0.47000000000000003,0,0,0,0,0,0
prior_voice_ppo,12,44,-3.1,14,0,0.52,0,0,0,0,0,0
prior_voice_ppo,13,44,5.0,12,0,0.6499999999999999,0,0,0,0,0,0
prior_voice_ppo,14,44,15.7,10,1,0.8800000000000003,1,1,0,0,0,0
prior_voice_ppo,15,44,2.5,13,0,1.0,0,0,0,0,0,0
prior_voice_ppo,16,44,8.7,14,0,0.6700000000000002,0,0,0,0,0,0
prior_voice_ppo,17,44,-0.09999999999999998,14,0,0.16999999999999998,0,0,0,0,0,0
prior_voice_ppo,18,44,9.399999999999999,11,0,0.7000000000000002,0,0,0,0,0,0
prior_voice_ppo,19,44,13.5,10,1,0.7500000000000002,2,1,0,0,0,0
prior_voice_ppo,20,44,9.299999999999999,10,0,0.8600000000000003,0,0,0,0,0,0
prior_voice_ppo,21,44,8.399999999999999,10,0,0.6700000000000002,0,0,0,0,0,0
prior_voice_ppo,22,44,0.6,11,0,0.49000000000000005,0,0,0,0,0,0
prior_voice_ppo,23,44,11.399999999999999,13,0,1.0,0,0,0,0,0,0
prior_voice_ppo,24,44,6.299999999999999,12,0,0.57,0,0,0,0,0,0
prior_voice_ppo,25,44,3.1999999999999997,11,0,0.55,0,0,0,0,0,0
prior_voice_ppo,26,44,15.2,11,1,0.9500000000000004,1,1,0,0,0,0
prior_voice_ppo,27,44,2.8000000000000003,14,0,0.44,0,0,0,0,0,0
prior_voice_ppo,28,44,3.1999999999999997,11,0,0.6100000000000001,0,0,0,0,0,0
prior_voice_ppo,29,44,6.999999999999998,11,0,0.9200000000000004,0,0,0,0,0,0
prior_voice_ppo,30,44,8.1,12,0,0.73,0,0,0,0,0,0
prior_voice_ppo,31,44,8.9,10,0,0.8800000000000003,0,0,0,0,0,0
prior_voice_ppo,32,44,2.5,13,0,0.46,0,0,0,0,0,0
prior_voice_ppo,33,44,12.1,12,0,0.7300000000000002,0,0,0,0,0,0
prior_voice_ppo,34,44,4.799999999999999,10,0,0.43,0,0,0,0,0,0
prior_voice_ppo,35,44,-3.1,14,0,0.53,0,0,0,0,0,0
prior_voice_ppo,36,44,1.2999999999999998,10,0,0.5,0,0,0,0,0,0
prior_voice_ppo,37,44,7.899999999999999,14,0,1.0,0,0,0,0,0,0
prior_voice_ppo,38,44,13.6,9,1,0.7900000000000003,1,1,0,0,0,0
prior_voice_ppo,39,44,3.1,12,0,0.31,0,0,0,0,0,0
prior_voice_ppo,40,44,0.9000000000000002,13,0,0.46,0,0,0,0,0,0
prior_voice_ppo,41,44,14.1,11,1,0.7800000000000002,1,1,0,0,0,0
prior_voice_ppo,42,44,2.2,13,0,1.0,0,0,0,0,0,0
prior_voice_ppo,43,44,10.7,11,0,0.9000000000000004,0,0,0,0,0,0
prior_voice_ppo,44,44,5.199999999999999,10,0,1.0,0,0,0,0,0,0
prior_voice_ppo,45,44,9.099999999999998,13,0,0.7900000000000003,0,0,0,0,0,0
prior_voice_ppo,46,44,12.200000000000001,14,0,1.0,0,0,0,0,0,0
prior_voice_ppo,47,44,0.2,13,0,0.53,0,0,0,0,0,0
prior_voice_ppo,48,44,6.999999999999999,10,0,0.7500000000000002,0,0,0,0,0,0
prior_voice_ppo,49,44,-0.09999999999999976,10,0,0.21999999999999997,0,0,0,0,0,0
prior_voice_ppo,50,44,13.899999999999999,10,1,0.7800000000000002,1,1,0,0,0,0
prior_voice_ppo,51,44,15.799999999999997,11,1,0.7200000000000002,1,1,0,0,0,0
prior_voice_ppo,52,44,8.499999999999998,14,0,1.0,0,0,0,0,0,0
prior_voice_ppo,53,44,3.3999999999999995,10,0,0.37,0,0,0,0,0,0
prior_voice_ppo,54,44,2.7,12,0,0.39999999999999997,0,0,0,0,0,0
prior_voice_ppo,55,44,1.2000000000000002,11,0,0.71,0,0,0,0,0,0
prior_voice_ppo,56,44,4.6,11,0,0.39,0,0,0,0,0,0
prior_voice_ppo,57,44,5.299999999999999,11,0,0.42,0,0,0,0,0,0
prior_voice_ppo,58,44,3.999999999999999,10,0,1.0,0,0,0,0,0,0
prior_voice_ppo,59,44,8.499999999999998,13,0,1.0,0,0,0,0,0,0
prior_voice_ppo,60,44,8.1,13,0,0.6900000000000002,0,0,0,0,0,0
prior_voice_ppo,61,44,-1.0,10,0,0.35000000000000003,0,0,0,0,0,0
prior_voice_ppo,62,44,6.199999999999998,13,0,0.53,0,0,0,0,0,0
prior_voice_ppo,63,44,7.899999999999998,13,0,1.0,0,0,0,0,0,0
prior_voice_ppo,64,44,12.399999999999999,7,1,0.9300000000000002,1,1,0,0,0,0
prior_voice_ppo,65,44,-0.6,12,0,0.21999999999999997,0,0,0,0,0,0
prior_voice_ppo,66,44,-2.6999999999999997,8,0,0.19,0,0,0,0,0,0
prior_voice_ppo,67,44,9.999999999999998,11,0,0.8500000000000001,0,0,0,0,0,0
prior_voice_ppo,68,44,3.0,13,0,1.0,0,0,0,0,0,0
prior_voice_ppo,69,44,0.7000000000000001,10,0,0.19,0,0,0,0,0,0
prior_voice_ppo,70,44,9.4,11,0,0.8000000000000003,0,0,0,0,0,0
prior_voice_ppo,71,44,3.5,11,0,0.6300000000000001,0,0,0,0,0,0
prior_voice_ppo,72,44,7.299999999999998,12,0,1.0,0,0,0,0,0,0
prior_voice_ppo,73,44,10.8,13,0,1.0,0,0,0,0,0,0
prior_voice_ppo,74,44,6.1,12,0,0.8700000000000001,0,0,0,0,0,0
prior_voice_ppo,75,44,6.299999999999998,14,0,0.7900000000000003,0,0,0,0,0,0
prior_voice_ppo,76,44,1.5,12,0,0.6700000000000002,0,0,0,0,0,0
prior_voice_ppo,77,44,5.3999999999999995,12,0,0.8800000000000003,0,0,0,0,0,0
prior_voice_ppo,78,44,-1.4999999999999996,6,0,0.2,0,0,0,0,0,0
prior_voice_ppo,79,44,7.599999999999998,12,0,0.9700000000000004,0,0,0,0,0,0
prior_voice_ppo,80,44,7.499999999999999,12,0,0.9800000000000004,0,0,0,0,0,0
prior_voice_ppo,81,44,-2.1,13,0,0.57,0,0,0,0,0,0
prior_voice_ppo,82,44,3.099999999999999,14,0,0.6400000000000001,0,0,0,0,0,0
prior_voice_ppo,83,44,16.9,12,1,0.7900000000000003,1,1,0,0,0,1
prior_voice_ppo,84,44,11.500000000000002,14,0,0.6600000000000001,0,0,0,0,0,0
prior_voice_ppo,85,44,5.399999999999999,13,0,0.6100000000000001,0,0,0,0,0,0
prior_voice_ppo,86,44,7.299999999999998,11,0,0.9600000000000004,0,0,0,0,0,0
prior_voice_ppo,87,44,6.099999999999999,13,0,1.0,0,0,0,0,0,0
prior_voice_ppo,88,44,4.8999999999999995,13,0,0.37,0,0,0,0,0,0
prior_voice_ppo,89,44,1.7999999999999998,14,0,0.45,0,0,0,0,0,0
prior_voice_ppo,90,44,-3.9999999999999996,7,0,0.20999999999999996,0,0,0,0,0,0
prior_voice_ppo,91,44,2.9,10,0,0.51,0,0,0,0,0,0
prior_voice_ppo,92,44,0.8999999999999999,11,0,0.44,0,0,0,0,0,0
prior_voice_ppo,93,44,2.8,12,0,0.8,0,0,0,0,0,0
prior_voice_ppo,94,44,5.8,14,0,1.0,0,0,0,0,0,0
prior_voice_ppo,95,44,3.1999999999999997,11,0,0.44,0,0,0,0,0,0
prior_voice_ppo,96,44,6.999999999999999,12,0,1.0,0,0,0,0,0,0
prior_voice_ppo,97,44,7.3,12,0,0.6200000000000001,0,0,0,0,0,0
prior_voice_ppo,98,44,7.8,13,0,0.46,0,0,0,0,0,0
prior_voice_ppo,99,44,-0.09999999999999998,13,0,0.33999999999999997,0,0,0,0,0,0
